"Variable","Topic_Number","Subtopic","Subtopic_Number","EditFlag","Description","Instrument_Variable_Name","Imputation_Strategy","table_name","Availability","Survey.Year","Topic","Updated.Universe","Disclosure","User.Notes","Question","Variable_Number","TYPE","Present_in_Survey_Years","Topic_Subtopic_ID","Associated.Response.Codes"
"NEWC",1,"Interview Status",1,NA,"New construction in last 4 years","","Coming Soon","NEWHOUSE","PUF","2013;2011","Admin","","","","This is a recoded variable based on the month and year the unit was built and the month and year of the interview.",16,"Character","2013;2011","28AC54649E766ADE09F3B42D09DEB829","1: Yes||2: No"
"METRO",1,"Geography",2,NA,"Multiple central cities/suburban status within metro areas","","Coming Soon","NEWHOUSE(2013,2011,2004); TOPPUF(1998)","PUF","2013;2011;2004;1998","Admin","","","Variable may be changed and/or suppressed in the Metro survey to comply with 100,000 population rule. Beginning with the 2011 AHS, METRO was assigned differently, using various definitions of the central city. The 1980, 1990, and 2000 definitions were each used depending on when the sample unit was added to the survey. Additionally, METRO was altered in some cases to maintain Census disclosure standards. Due to disclosure rules, we are prevented from indicating which cases use the 1980, 1990, and 2000 geographies. Other than in 2011, METRO was only on the metro files and was primarily based on 1990 geography. Users should use this variable with caution as it does not reflect the most recent OMB definitions.","This recode specifies all central cities in each MSA.",21,"Character","2013;2011;2004;1998","799B5554C4195E453958DD5B89EB3C2B","1: Primary central city of the MSA||2:6: Secondary central cities of the MSA||7: Suburb of the MSA||9: Not in one of the supplemental metropolitan areas"
"METRO3",1,"Geography",2,NA,"Central city / suburban status","","Coming Soon","NEWHOUSE(2013,2011,2009,2007,2005,2003,2001); TOPPUF(1999,1997)","PUF","2013;2011;2009;2007;2005;2003;2001;1999;1997","Admin","","","Variable may be changed and/or suppressed in National Survey to comply with 100,000 population rule. Beginning with the 2011 AHS, METRO3 was assigned differently. Various definitions of central city and urban areas (1980, 1990, and 2000 definitions) were used depending on when the sample unit was added to the survey. Additionally, METRO3 was altered in some cases to maintain Census disclosure standards; some cases in the 2011 metropolitan oversample were assigned values that would mask their location. Due to disclosure rules, we are prevented from indicating which cases use the 1980, 1990, and 2000 geographies. Prior to 2011, METRO3 was only on the national file and based on the 1983 OMB definitions of metropolitan areas, 1980 urban area definitions, and 1980 central city definitions. The 1990 and 2000 definitions were not used. Users should use this variable with caution as it does not reflect the most recent OMB definitions.","",22,"Character","2013;2011;2009;2007;2005;2003;2001;1999;1997","799B5554C4195E453958DD5B89EB3C2B","1: Central city of MSA||2: Inside MSA, but not in central city - urban||3: Inside MSA, but not in central city - rural||4: Outside MSA, urban||5: Outside MSA, rural||9: Inside MSA, unspecified (Charlotte only)"
"REGION",1,"Geography",2,NA,"Census region","","Coming Soon","NEWHOUSE(2013,2011,2009,2007,2005,2003,2001); TOPPUF(1999,1997)","PUF","2013;2011;2009;2007;2005;2003;2001;1999;1997","Admin","","","Northeast includes: Maine, New Hampshire, Vermont, Massachusetts, Rhode Island, Connecticut, New York, New Jersey, Pennsylvania. Midwest includes: Ohio, Indiana, Illinois, Michigan, Wisconsin, Minnesota, Iowa, Missouri, North Dakota, South Dakota, Nebraska, Kansas. South includes: Delaware, Maryland, District of Columbia, Virginia, West Virginia, North Carolina, South Carolina, Georgia, Florida, Kentucky, Tennessee, Alabama, Mississippi, Arkansas, Louisiana, Oklahoma, Texas. West includes: Montana, Idaho, Wyoming, Colorado, New Mexico, Arizona, Utah, Nevada, Washington, Oregon, California, Alaska, Hawaii.","",25,"Character","2013;2011;2009;2007;2005;2003;2001;1999;1997","799B5554C4195E453958DD5B89EB3C2B","1: Northeast||2: Midwest||3: South||4: West"
"CONDO",2,"Tenure",1,"JCONDO","Flag indicating unit is a condominium","CONDO1","Coming soon","HOUSEHOLD(2017,2015); NEWHOUSE(2013,2011,2009,2007,2005,2004,2003,2002,2001); HOUSHLD(1999,1998,1997)","PUF","2017;2015;2013;2011;2009;2007;2005;2004;2003;2002;2001;1999;1998;1997","Occupancy and Tenure","INTSTATUS in ('1' '2' '3')","None","The coding for this variable changed in 2015. It is now simply a flag indicating if the unit is a condo. The variable COOP now captures the same information for cooperatives.","Is this unit part of a condominium?",2,"Character","2017;2015;2013;2011;2009;2007;2005;2004;2003;2002;2001;1999;1998;1997","468A0BBA72705BFC33E75DA84E003F6A","1: Yes||2: No||N or -6 (2015 and later) / B or -6 (2013 and earlier): Not applicable"
"OWNLOT",2,"Tenure",1,"JOWNLOT","Flag indicating owner owns the lot","See User Notes","Coming soon","HOUSEHOLD(2017,2015); NEWHOUSE(2013,2011,2009,2007,2005,2004,2003,2002,2001); HOUSHLD(1999,1998,1997)","PUF","2017;2015;2013;2011;2009;2007;2005;2004;2003;2002;2001;1999;1998;1997","Occupancy and Tenure","MHMOVE ^= '1' and COOP = '2' and CONDO = '2' and (BLD = '01' and (TENURE in ('1' '2' '3') or VACANCY in ('01' '02' '03' '04' '05')) or (TENURE = '1' or VACANCY in ('03' '05')))","None","OWNLOT is determined by using information from multiple items, including OWNLOT1, OWNLOT2 and INCS2. OWNLOT in 2013 and earlier was only provided for mobile homes. However, there are other situations where the unit, but not the land, is owned. This sometimes occurs on university property where the unit itself is owned, but the land is rented.","See User Notes",5,"Character","2017;2015;2013;2011;2009;2007;2005;2004;2003;2002;2001;1999;1998;1997","468A0BBA72705BFC33E75DA84E003F6A","1: Yes||2: No||M or -9 (2015 and later) / Blank or -9 (2013 and earlier): Not reported||M or -9 (2015 and later) / D or -7 (2013 and earlier): Not reported (2015 and later) / Don't Know (2013 and earlier)||M or -9 (2015 and later) / R or -8 (2013 and earlier): Not reported (2015 and later) / Refused (2013 and earlier)||N or -6 (2015 and later) / B or -6 (2013 and earlier): Not applicable"
"NUNITS",3,"General",1,"JNUNITS","Number of units in building","NUNITS1","Coming soon","HOUSEHOLD(2017,2015); NEWHOUSE(2013,2011,2009,2007,2005,2004,2003,2002,2001); HOUSHLD(1999,1998,1997)","IUF Only","2017;2015;2013;2011;2009;2007;2005;2004;2003;2002;2001;1999;1998;1997","Structural","INTSTATUS in ('1' '2' '3')","Withheld","NUNITS2 (Including occupied and vacant units, what is your best guess?) is asked if the respondent does not answer NUNITS1.","How many apartments are in the building?",2,"Numeric","2017;2015;2013;2011;2009;2007;2005;2004;2003;2002;2001;1999;1998;1997","26604D584D623F3F5AB0E2EA10BE5D9A","1:997: 1-997 apartments||998: 998 apartments or more||B or -6: Not applicable"
"TYPE",3,"General",1,"JTYPE","Housing unit type","","Coming Soon","NEWHOUSE(2013,2011,2009,2007,2005,2004,2003,2002,2001); HOUSHLD(1999,1998,1997)","PUF","2013;2011;2009;2007;2005;2004;2003;2002;2001;1999;1998;1997","Structural","","","","Is this unit (or address) a house, an apartment, a manufactured/mobile home, or some other type of residence?",6,"Numeric","2013;2011;2009;2007;2005;2004;2003;2002;2001;1999;1998;1997","26604D584D623F3F5AB0E2EA10BE5D9A","1: House, apartment, flat||2: Mobile home with No permanent room added||3: Mobile home with permanent room added||4: HU, in nontransient hotel, motel, etc.||5: HU, in permanent transient hotel, motel, etc.||6: HU, in rooming house||7: Boat or recreation vehicle||8: Tent, cave, or railroad car||9: HU, not specified above||10: Unoccupied site for mobile home, trailer or tent||11: Group Quarters||B or -6: Not applicable"
"NUNIT2",3,"General",1,"JUNIT2","Are these living quarters in a","","Coming Soon","NEWHOUSE(2013,2011,2009,2007,2005,2004,2003,2002,2001); HOUSHLD(1999,1998,1997)","PUF","2013;2011;2009;2007;2005;2004;2003;2002;2001;1999;1998;1997","Structural","","","For 1997 and 1999 National and 1998 Metro surveys the categories for mobile homes are: 4 = One-unit mobile home 5 = Two or more unit mobile home","These living quarters in a -",7,"Character","2013;2011;2009;2007;2005;2004;2003;2002;2001;1999;1998;1997","26604D584D623F3F5AB0E2EA10BE5D9A","1: One-unit building, detached from any other building||2: One-unit building, attached to one or more buildings||3: Building with two or more apartments||4: Manufactured (mobile) home||B or -6: Not applicable"
"BUILT",3,"General",1,"JBUILT","Year unit was built","","Coming Soon","NEWHOUSE(2013,2011,2009,2007,2005,2004,2003,2002,2001); TYPEC(2011); HOUSHLD(1999,1998,1997)","PUF","2013;2011;2009;2007;2005;2004;2003;2002;2001;1999;1998;1997","Structural","","","This is the coding for 2009 and forward. Earlier PUFs have slightly different coding. In general, specific years, not ranges, are given as values for the most recent time period. Users of earlier surveys should do a frequency distribution on this variable to determine the dividing line between ranges and individual years. The TYPEC relational table has the most recent available value of this variable.","Year this housing unit was built. (If respondent replies DK or is uncertain, probe: Do you know what decade, such as the 80's, 70's, 60's or some other decade?)",8,"Numeric","2013;2011;2009;2007;2005;2004;2003;2002;2001;1999;1998;1997","26604D584D623F3F5AB0E2EA10BE5D9A","1919: 1919 or earlier||1920: 1920-1929||1930: 1930-1939||1940: 1940-1949||1950: 1950-1959||1960: 1960-1969||1970: 1970-1974||1975: 1975-1979||1980: 1980-1984||1985: 1985-1989||1990:2013: 1990-2013||B or -6: Not applicable"
"BUSPER",3,"General",1,"JUSPER","# rooms used for business/personal use","","Coming Soon","NEWHOUSE(2013,2011,2009,2007,2005,2004,2003,2002,2001); HOUSHLD(1999)","PUF","2013;2011;2009;2007;2005;2004;2003;2002;2001;1999","Structural","","","","How many rooms, if any, are used both as business space and for personal use?",10,"Numeric","2013;2011;2009;2007;2005;2004;2003;2002;2001;1999","26604D584D623F3F5AB0E2EA10BE5D9A","0: None||1:9: 1-9||10: 10 or more||B or -6: Not applicable||D or -7: Don't know||R or -8: Refused"
"DIRAC",3,"General",1,NA,"Number of offices having direct access","","Coming Soon","NEWHOUSE(2013,2011,2009,2007,2005,2004,2003,2002,2001); HOUSHLD(1999,1998)","PUF","2013;2011;2009;2007;2005;2004;2003;2002;2001;1999;1998","Structural","","","","And, how many offices used for business have direct access to the outside?",11,"Numeric","2013;2011;2009;2007;2005;2004;2003;2002;2001;1999;1998","26604D584D623F3F5AB0E2EA10BE5D9A","0: None have direct access to the outside||1:10: 1-10 have direct access to the outside||B or -6: Not applicable||R or -8: Refused"
"DRSHOP",3,"General",1,"JRSHOP","Medical office/community store on property","","Coming Soon","NEWHOUSE(2013,2011,2009,2007,2005,2004,2003,2002,2001); HOUSHLD(1999,1998,1997)","PUF","2013;2011;2009;2007;2005;2004;2003;2002;2001;1999;1998;1997","Structural","","","","Is there a medical or dental office or any commercial establishment on the property?",12,"Character","2013;2011;2009;2007;2005;2004;2003;2002;2001;1999;1998;1997","26604D584D623F3F5AB0E2EA10BE5D9A","1: Yes||2: No||B or -6: Not applicable"
"ELEV",3,"General",1,"JELEV","Working passenger elevator","","Coming Soon","NEWHOUSE(2013,2011,2009,2007,2005,2004,2003,2002,2001); HOUSHLD(1999,1998,1997)","PUF","2013;2011;2009;2007;2005;2004;2003;2002;2001;1999;1998;1997","Structural","","","","Is there a working passenger elevator to your floor? (COUNT FREIGHT ELEVATORS ALSO MEANT TO BE USED BY PASSENGERS)",13,"Character","2013;2011;2009;2007;2005;2004;2003;2002;2001;1999;1998;1997","26604D584D623F3F5AB0E2EA10BE5D9A","1: No elevator||2: At least one working elevator||3: All elevators not working||B or -6: Not applicable"
"ELEVWK",3,"General",1,NA,"At least one elevator in working order","","Coming Soon","NEWHOUSE","PUF","2013;2011;2009;2007;2005;2004;2003;2002;2001","Structural","","","","",14,"Character","2013;2011;2009;2007;2005;2004;2003;2002;2001","26604D584D623F3F5AB0E2EA10BE5D9A","1: Yes||2: No||B or -6: Not applicable||Blank or -9: Not reported||D or -7: Don't know||R or -8: Refused"
"EXCLUS",3,"General",1,"JXCLUS","Number offices used exclusively for business","","Coming Soon","NEWHOUSE(2013,2011,2009,2007,2005,2004,2003,2002,2001); HOUSHLD(1999,1998,1997)","PUF","2013;2011;2009;2007;2005;2004;2003;2002;2001;1999;1998;1997","Structural","","","","You mentioned having some offices in your home. How many of these offices are used exclusively for business?",15,"Numeric","2013;2011;2009;2007;2005;2004;2003;2002;2001;1999;1998;1997","26604D584D623F3F5AB0E2EA10BE5D9A","0: No offices used exclusively for business||1:9: 1-9 offices used exclusively for business||10: 10 or more offices used exclusively for business||B or -6: Not applicable||D or -7: Don't know||R or -8: Refused"
"OTBUP",3,"General",1,NA,"Other building on property used as living quarters","","Coming Soon","NEWHOUSE(2013,2011,2009,2007,2005,2004,2003,2002,2001); HOUSHLD(1999,1998,1997)","PUF","2013;2011;2009;2007;2005;2004;2003;2002;2001;1999;1998;1997","Structural","","","","Is there any other building on the property for people to live in--either occupied or vacant?",24,"Character","2013;2011;2009;2007;2005;2004;2003;2002;2001;1999;1998;1997","26604D584D623F3F5AB0E2EA10BE5D9A","1: Yes||2: No||B or -6: Not applicable||Blank or -9: Not reported||D or -7: Don't know"
"SHARAT",3,"General",1,"JHARAT","Unit shares attic or basement","","Coming Soon","NEWHOUSE(2013,2011,2009,2007,2005,2004,2003,2002,2001); HOUSHLD(1999,1998,1997)","PUF","2013;2011;2009;2007;2005;2004;2003;2002;2001;1999;1998;1997","Structural","","","","Does this housing unit share an attic or basement with the housing unit next door?",28,"Character","2013;2011;2009;2007;2005;2004;2003;2002;2001;1999;1998;1997","26604D584D623F3F5AB0E2EA10BE5D9A","1: Yes||2: No||B or -6: Not applicable||D or -7: Don't know"
"SHARFR",3,"General",1,"JHARFR","Unit shares furnace or boiler","","Coming Soon","NEWHOUSE(2013,2011,2009,2007,2005,2004,2003,2002,2001); HOUSHLD(1999,1998,1997)","PUF","2013;2011;2009;2007;2005;2004;2003;2002;2001;1999;1998;1997","Structural","","","","Does this housing unit share a furnace or boiler with the housing unit next door?",29,"Character","2013;2011;2009;2007;2005;2004;2003;2002;2001;1999;1998;1997","26604D584D623F3F5AB0E2EA10BE5D9A","1: Yes||2: No||B or -6: Not applicable"
"GARAGE",3,"Exterior Features",2,"JGARAGE","Flag indicating unit has a garage or carport","GARAGEQ","Coming soon","HOUSEHOLD(2017,2015); NEWHOUSE(2013,2011,2009,2007,2005,2004,2003,2002,2001); HOUSHLD(1999,1998,1997)","PUF","2017;2015;2013;2011;2009;2007;2005;2004;2003;2002;2001;1999;1998;1997","Structural","INTSTATUS in ('1' '2' '3')","None","","Is a garage or carport included with this unit?",3,"Character","2017;2015;2013;2011;2009;2007;2005;2004;2003;2002;2001;1999;1998;1997","1FBF63BF383526E31E1DAC79324B35D5","1: Yes||2: No||M or -9 (2015 and later) / Blank or -9 (2013 and earlier): Not reported||M or -9 (2015 and later) / D or -7 (2013 and earlier): Not reported (2015 and later) / Don't know (2013 and earlier)||M or -9 (2015 and later) / R or -8 (2013 and earlier): Not reported (2015 and later) / Refused (2013 and earlier)||N or -6 (2015 and later) / B or -6 (2013 and earlier): Not applicable"
"PORCH",3,"Exterior Features",2,"JPORCH","Flag indicating unit has porch or deck or balcony or patio","PORCHQ","Coming soon","HOUSEHOLD(2017,2015); NEWHOUSE(2013,2011,2009,2007,2005,2004,2003,2002,2001); HOUSHLD(1999,1998,1997)","PUF","2017;2015;2013;2011;2009;2007;2005;2004;2003;2002;2001;1999;1998;1997","Structural","INTSTATUS in ('1' '2' '3')","None","","Does this unit have a porch, deck, balcony, or patio?",4,"Character","2017;2015;2013;2011;2009;2007;2005;2004;2003;2002;2001;1999;1998;1997","1FBF63BF383526E31E1DAC79324B35D5","1: Yes||2: No||N or -6 (2015 and later) / B or -6 (2013 and earlier): Not applicable"
"LOT",3,"Exterior Features",2,"JLOT","Square footage of lot","","Coming Soon","NEWHOUSE(2013,2011,2009,2007,2005,2004,2003,2002,2001); HOUSHLD(1999,1998,1997)","PUF","2013;2011;2009;2007;2005;2004;2003;2002;2001;1999;1998;1997","Structural","","","Topcode levels and the number of cases vary by geography. Variable was topcoded by the supplemental metropolitan areas and the remainder of the cases. Topcodes for variables that describe the physical characteristics of housing units that are not likely to change very much over time are compared to topcodes used in previous enumerations of the AHS survey. The larger of the topcode calculated in the current survey year and the largest topcode ever used in a previous survey year is the topcode that will be used for the current survey year.","About how large is the lot? *** INCLUDE ALL CONNECTING LAND THAT IS OWNED OR THAT IS RENTED WITH THE HOME*** *** IF OVER 1 ACRE, DROP ANY FRACTIONS, DON'T ROUND UP *** *** IF UNDER 1 ACRE, CONVERT TO APPROXIMATE SQUARE FEET *** One eight",11,"Numeric","2013;2011;2009;2007;2005;2004;2003;2002;2001;1999;1998;1997","1FBF63BF383526E31E1DAC79324B35D5",". or -9: Not reported||200:999997: 200-999,997 square feet||B or -6: Not applicable"
"EBAR",3,"Exterior Features",2,NA,"Windows covered with metal bars","","Coming Soon","NEWHOUSE(2013,2011,2009,2007,2005,2004,2003,2002,2001); HOUSHLD(1999,1998,1997)","PUF","2013;2011;2009;2007;2005;2004;2003;2002;2001;1999;1998;1997","Structural","","","The observation module was removed from the questionnaire in 2011 and this question was moved to the breakdown module. Prior to 2011, only noninterviews were coded as not applicable (B) for this question. In 2011 and after, Bs are defined in relation to the universe of the question in the questionnaire.","Are any of the windows in any rooms covered with metal bars?",12,"Character","2013;2011;2009;2007;2005;2004;2003;2002;2001;1999;1998;1997","1FBF63BF383526E31E1DAC79324B35D5","1: Yes||2: No||B or -6: Not applicable||Blank or -9: Not reported||D or -7: Don't know||R or -8: Refused"
"MOBILTYP",3,"Exterior Features",2,NA,"Manufactured/mobile home type","","Coming Soon","","PUF","2013;2011;2009;2007;2005","Structural","","","","",14,"Character","2013;2011;2009;2007;2005","1FBF63BF383526E31E1DAC79324B35D5","1: Single-wide unit||2: Double-wide or larger unit||B or -6: Not applicable||Blank or -9: Not reported"
"CLIMB",3,"Exterior Features",2,"JCLIMB","Number of floors from main entrance to apartment","","Coming Soon","NEWHOUSE(2013,2011,2009,2007,2005,2004,2003,2002,2001); HOUSHLD(1999,1998,1997)","PUF","2013;2011;2009;2007;2005;2004;2003;2002;2001;1999;1998;1997","Structural","","","Prior to 2011: For the National Survey, the variable has a topcode computed for each SMSA-METRO3 combination shown in the public use file. For the Metro Survey, the variable has a topcode computed for each SMSA-ZONE combination shown in the public use file. 2011 and after: Topcode levels and the number of cases vary by geography. Variable was topcoded at the lowest geography. Topcodes for variables that describe the physical characteristics of housing units that are not likely to change very much over time are compared to topcodes used in previous enumerations of the AHS survey. The larger of the topcode calculated in the current survey year and the largest topcode ever used in a previous survey year is the topcode that will be used for the current survey year.","How many stories are there from the main entrance of the building to the main entrance of this apartment?",18,"Numeric","2013;2011;2009;2007;2005;2004;2003;2002;2001;1999;1998;1997","1FBF63BF383526E31E1DAC79324B35D5","0: Same floor||1:20: 1-20||21: 21 or more||B or -6: Not applicable"
"INCP",3,"Exterior Features",2,NA,"Offstreet parking included","","Coming Soon","NEWHOUSE(2013,2011,2009,2007,2005,2004,2003,2002,2001); HOUSHLD(1999,1998,1997)","PUF","2013;2011;2009;2007;2005;2004;2003;2002;2001;1999;1998;1997","Structural","","","","Is a driveway/lot/parking area off the street provided?",19,"Character","2013;2011;2009;2007;2005;2004;2003;2002;2001;1999;1998;1997","1FBF63BF383526E31E1DAC79324B35D5","1: Yes||2: No||B or -6: Not applicable||Blank or -9: Not reported||D or -7: Don't know||R or -8: Refused"
"DINING",3,"Interior Features",3,"JDINING","Number of dining rooms in unit","DINING","Coming soon","HOUSEHOLD(2017,2015); NEWHOUSE(2013,2011,2009,2007,2005,2004,2003,2002,2001); HOUSHLD(1999,1998,1997)","PUF","2017;2015;2013;2011;2009;2007;2005;2004;2003;2002;2001;1999;1998;1997","Structural","INTSTATUS in ('1' '2' '3')","Topcoded","","How many separate dining rooms?",11,"Numeric","2017;2015;2013;2011;2009;2007;2005;2004;2003;2002;2001;1999;1998;1997","DDC0434F4D0B921763A29F5762DA23ED","0 : 4: 0 to 4||5: 5 or more"
"LAUNDY",3,"Interior Features",3,"JLAUNDY","Number of laundry or utility rooms in unit","LAUNDY","Coming soon","HOUSEHOLD(2017,2015); NEWHOUSE(2013,2011,2009,2007,2005,2004,2003,2002,2001); HOUSHLD(1999,1998,1997)","PUF","2017;2015;2013;2011;2009;2007;2005;2004;2003;2002;2001;1999;1998;1997","Structural","INTSTATUS in ('1' '2' '3')","Topcoded","","How many laundry, utility, or pantry rooms?",12,"Numeric","2017;2015;2013;2011;2009;2007;2005;2004;2003;2002;2001;1999;1998;1997","DDC0434F4D0B921763A29F5762DA23ED","0 : 4: 0 to 4||5: 5 or more"
"LIVING",3,"Interior Features",3,"JLIVING","Number of living rooms in unit","LIVING","Coming soon","HOUSEHOLD(2017,2015); NEWHOUSE(2013,2011,2009,2007,2005,2004,2003,2002,2001); HOUSHLD(1999,1998,1997)","IUF Only","2017;2015;2013;2011;2009;2007;2005;2004;2003;2002;2001;1999;1998;1997","Structural","INTSTATUS in ('1' '2' '3')","Withheld","","How many living rooms?",15,"Numeric","2017;2015;2013;2011;2009;2007;2005;2004;2003;2002;2001;1999;1998;1997","DDC0434F4D0B921763A29F5762DA23ED","0 : 4: 0 to 4||5: 5 or more"
"CELLAR",3,"Interior Features",3,"JELLAR","Unit has a basement","","Coming Soon","NEWHOUSE(2013,2011,2009,2007,2005,2004,2003,2002,2001); HOUSHLD(1999,1998,1997)","PUF","2013;2011;2009;2007;2005;2004;2003;2002;2001;1999;1998;1997","Structural","","","","Is this house built-",17,"Numeric","2013;2011;2009;2007;2005;2004;2003;2002;2001;1999;1998;1997","DDC0434F4D0B921763A29F5762DA23ED","1: With a basement under all of the house||2: With a basement under part of the house||3: With a crawl space||4: On a concrete slab||5: In some other way (SPECIFY)||B or -6: Not applicable"
"DENS",3,"Interior Features",3,"JDENS","Number of dens or libraries in unit","DENS","Coming soon","HOUSEHOLD(2017,2015); NEWHOUSE(2013,2011,2009,2007,2005,2004,2003,2002,2001); HOUSHLD(1999,1998,1997)","IUF Only","2017;2015;2013;2011;2009;2007;2005;2004;2003;2002;2001;1999;1998;1997","Structural","INTSTATUS in ('1' '2' '3')","Withheld","","How many dens or libraries?",19,"Numeric","2017;2015;2013;2011;2009;2007;2005;2004;2003;2002;2001;1999;1998;1997","DDC0434F4D0B921763A29F5762DA23ED","0 : 4: 0 to 4||5: 5 or more"
"OTHFN",3,"Interior Features",3,"JOTHFN","Number of other finished rooms in unit","OTHFN","Coming soon","HOUSEHOLD(2017,2015); NEWHOUSE(2013,2011,2009,2007,2005,2004,2003,2002,2001); HOUSHLD(1999,1998,1997)","IUF Only","2017;2015;2013;2011;2009;2007;2005;2004;2003;2002;2001;1999;1998;1997","Structural","INTSTATUS in ('1' '2' '3')","Withheld","","How many other finished rooms?",20,"Numeric","2017;2015;2013;2011;2009;2007;2005;2004;2003;2002;2001;1999;1998;1997","DDC0434F4D0B921763A29F5762DA23ED","0 : 9: 0 to 9||10: 10 or more"
"FLOORS",3,"Interior Features",3,"JFLOORS","Number of floors within the unit","FLOORSQ","Coming soon","NEWHOUSE(2013,2011,2009,2007,2005,2004,2003,2002,2001); HOUSHLD(1999,1998,1997)","PUF","2013;2011;2009;2007;2005;2004;2003;2002;2001;1999;1998;1997","Structural","","","FLOORS is calculated only for single family and mobile/manufactured units (FLOORS will be the same value as STORIES for these units).","How many stories are there in this building ?",23,"Numeric","2013;2011;2009;2007;2005;2004;2003;2002;2001;1999;1998;1997","DDC0434F4D0B921763A29F5762DA23ED","1:20: 1 TO 20||21: 21 or more||B or -6: Not applicable"
"UNITSF",3,"Interior Features",3,"JNITSF","Square footage of unit","","Coming Soon","NEWHOUSE(2013,2011,2009,2007,2005,2004,2003,2002,2001); HOUSHLD(1999,1998,1997)","PUF","2013;2011;2009;2007;2005;2004;2003;2002;2001;1999;1998;1997","Structural","","","Topcode levels and the number of cases vary by geography. Variable was topcoded by the supplemental metropolitan areas and the remainder of the cases. Topcodes for variables that describe the physical characteristics of housing units that are not likely to change very much over time are compared to topcodes used in previous enumerations of the AHS survey. The larger of the topcode calculated in the current survey year and the largest topcode ever used in a previous survey year is the topcode that will be used for the current survey year.","Thinking about all the rooms you mentioned earlier, as well as the hallways and entry ways in this housing unit, about how many square feet is that? (Include: Finished attics. Exclude: Unfinished attics, carports, and attached garages. Al",24,"Numeric","2013;2011;2009;2007;2005;2004;2003;2002;2001;1999;1998;1997","DDC0434F4D0B921763A29F5762DA23ED",". or -9: Not reported||99: 99 square feet or less||100:99997: 100-99,997 square feet||99998: 99,998 square feet or more||B or -6: Not applicable||D or -7: Don't know||R or -8: Refused"
"KITCH",3,"Interior Features",3,"JKITCH","Number of kitchens in unit","KITCH","Coming soon","NEWHOUSE(2013,2011,2009,2007,2005,2004,2003,2002,2001); HOUSHLD(1999,1998,1997)","PUF","2013;2011;2009;2007;2005;2004;2003;2002;2001;1999;1998;1997","Structural","","","","How many kitchens?",26,"Numeric","2013;2011;2009;2007;2005;2004;2003;2002;2001;1999;1998;1997","DDC0434F4D0B921763A29F5762DA23ED","0 : 5: 0 to 5 kitchens||B or -6: Not applicable"
"ROOMS",3,"Interior Features",3,NA,"Number of rooms in unit","","Coming Soon","NEWHOUSE(2013,2011,2009,2007,2005,2004,2003,2002,2001); TOPPUF(1999,1998,1997)","PUF","2013;2011;2009;2007;2005;2004;2003;2002;2001;1999;1998;1997","Structural","","","Prior to 2011: Topcoded at 21. Listed topcode appears on microdata. 2011 and after: Topcode levels and the number of cases vary by geography. Variable was topcoded at the lowest geography.","",27,"Numeric","2013;2011;2009;2007;2005;2004;2003;2002;2001;1999;1998;1997","DDC0434F4D0B921763A29F5762DA23ED","1:20: 1-20 rooms||21: 21 rooms or more||B or -6: Not applicable"
"BEDRMS",3,"Interior Features",3,"JEDRMS","Number of bedrooms in unit","","Coming Soon","NEWHOUSE(2013,2011,2009,2007,2005,2004,2003,2002,2001); HOUSHLD(1999,1998,1997)","PUF","2013;2011;2009;2007;2005;2004;2003;2002;2001;1999;1998;1997","Structural","","","Topcode levels and the number of cases vary by geography. Variable was topcoded at the lowest geography.","Recoded sum of BEDRMS1 through BEDRMS5",28,"Numeric","2013;2011;2009;2007;2005;2004;2003;2002;2001;1999;1998;1997","DDC0434F4D0B921763A29F5762DA23ED","0:9: 0-9 full bedrooms||10: 10 or more full bedrooms||B or -6: Not applicable"
"FAMRM",3,"Interior Features",3,"JFAMRM","Number of family rooms, great rooms, or TV rooms in unit","FAMRM","Coming soon","NEWHOUSE(2013,2011,2009,2007,2005,2004,2003,2002,2001); HOUSHLD(1999,1998,1997)","IUF Only","2013;2011;2009;2007;2005;2004;2003;2002;2001;1999;1998;1997","Structural","","","","How many family rooms, great rooms, or TV rooms?",30,"Numeric","2013;2011;2009;2007;2005;2004;2003;2002;2001;1999;1998;1997","DDC0434F4D0B921763A29F5762DA23ED","0 : 5: 0 to 5 family rooms||B or -6: Not applicable"
"RECRM",3,"Interior Features",3,"JRECRM","Number of recreation rooms in unit","RECRM","Coming soon","NEWHOUSE(2013,2011,2009,2007,2005,2004,2003,2002,2001); HOUSHLD(1999,1998,1997)","IUF Only","2013;2011;2009;2007;2005;2004;2003;2002;2001;1999;1998;1997","Structural","","","","How many recreation rooms?",31,"Numeric","2013;2011;2009;2007;2005;2004;2003;2002;2001;1999;1998;1997","DDC0434F4D0B921763A29F5762DA23ED","0 : 5: 0 to 5 recreation rooms||B or -6: Not applicable"
"BATHS",3,"Interior Features",3,"JBATHS","Number of full bathrooms in unit","","Coming Soon","NEWHOUSE(2013,2011,2009,2007,2005,2004,2003,2002,2001); HOUSHLD(1999,1998,1997)","PUF","2013;2011;2009;2007;2005;2004;2003;2002;2001;1999;1998;1997","Structural","","","","Recoded sum of BATHS1 through BATHS5",33,"Numeric","2013;2011;2009;2007;2005;2004;2003;2002;2001;1999;1998;1997","DDC0434F4D0B921763A29F5762DA23ED","0:9: 0-9 full bathrooms||10: 10 or more full bathrooms||B or -6: Not applicable"
"HALFB",3,"Interior Features",3,"JHALFB","Number of half bathrooms in unit","","Coming Soon","NEWHOUSE(2013,2011,2009,2007,2005,2004,2003,2002,2001); HOUSHLD(1999,1998,1997)","PUF","2013;2011;2009;2007;2005;2004;2003;2002;2001;1999;1998;1997","Structural","","","","Recoded sum of HALFB1 through HALFB5",35,"Numeric","2013;2011;2009;2007;2005;2004;2003;2002;2001;1999;1998;1997","DDC0434F4D0B921763A29F5762DA23ED","0:10: 0-10 Half Bathrooms||B or -6: Not applicable"
"OTHRUN",3,"Interior Features",3,"JTHRUN","Number of other unfinished rooms in unit","","Coming Soon","NEWHOUSE(2013,2011,2009,2007,2005,2004,2003,2002,2001); HOUSHLD(1999,1998,1997)","PUF","2013;2011;2009;2007;2005;2004;2003;2002;2001;1999;1998;1997","Structural","","","","Recoded sum of OTHUN1 through OTHUN5",42,"Numeric","2013;2011;2009;2007;2005;2004;2003;2002;2001;1999;1998;1997","DDC0434F4D0B921763A29F5762DA23ED","0:5: 0-5 Other Unfinished rooms||B or -6: Not applicable"
"KITCHEN",3,"Interior Features",3,NA,"Complete kitchen facilities in unit","","Coming Soon","NEWHOUSE(2013,2011,2009,2007,2005,2004,2003,2002,2001); TOPPUF(1999,1998,1997)","PUF","2013;2011;2009;2007;2005;2004;2003;2002;2001;1999;1998;1997","Structural","","","","To have complete kitchen facilities, the unit must meet the following conditions: Single unit housing units: must have a sink, refrigerator, and (range, cookstove, microwave, or built-in cooking burners) in the kitchen Multiunit (NUNIT2 = 3)",52,"Character","2013;2011;2009;2007;2005;2004;2003;2002;2001;1999;1998;1997","DDC0434F4D0B921763A29F5762DA23ED","1: Have complete kitchen facilities||2: Lacking complete kitchen facilities||B or -6: Not applicable"
"KEXCLU",3,"Interior Features",3,"JEXCLU","Kitchen facilities for household use only","","Coming Soon","NEWHOUSE(2013,2011,2009,2007,2005,2004,2003,2002,2001); HOUSHLD(1999,1998,1997)","PUF","2013;2011;2009;2007;2005;2004;2003;2002;2001;1999;1998;1997","Structural","","","","Are these kitchen facilities for your household's use only/only for the use of future tenants/owners?",53,"Character","2013;2011;2009;2007;2005;2004;2003;2002;2001;1999;1998;1997","DDC0434F4D0B921763A29F5762DA23ED","1: Yes||2: No||B or -6: Not applicable"
"BSINK",3,"Interior Features",3,"JBSINK","Unit has a bathroom sink","","Coming Soon","NEWHOUSE(2013,2011,2009,2007,2005,2004,2003,2002,2001); HOUSHLD(1999,1998,1997)","PUF","2013;2011;2009;2007;2005;2004;2003;2002;2001;1999;1998;1997","Structural","","","","Does this full bath contain a bathroom sink? Does this housing unit have a bathroom sink?",54,"Character","2013;2011;2009;2007;2005;2004;2003;2002;2001;1999;1998;1997","DDC0434F4D0B921763A29F5762DA23ED","1: Yes||2: No||B or -6: Not applicable"
"TOILET",3,"Interior Features",3,"JOILET","Unit has a flush toilet","","Coming Soon","NEWHOUSE(2013,2011,2009,2007,2005,2004,2003,2002,2001); HOUSHLD(1999,1998,1997)","PUF","2013;2011;2009;2007;2005;2004;2003;2002;2001;1999;1998;1997","Structural","","","","Does this full bath contain a flush toilet? Does this housing unit have a flush toilet?",55,"Character","2013;2011;2009;2007;2005;2004;2003;2002;2001;1999;1998;1997","DDC0434F4D0B921763A29F5762DA23ED","1: Yes||2: No||B or -6: Not applicable"
"FPLWK",4,"Heating",1,"JFPLWK","Unit has useable fireplace","","Coming Soon","NEWHOUSE(2013,2011,2009,2007,2005,2004,2003,2002,2001); HOUSHLD(1999,1998,1997)","PUF","2013;2011;2009;2007;2005;2004;2003;2002;2001;1999;1998;1997","Equipment and Appliances","","","","Does this housing unit have a useable fireplace?",9,"Numeric","2013;2011;2009;2007;2005;2004;2003;2002;2001;1999;1998;1997","7A67B0C29B6EE8873CA287A3B85F1CE6","1: Yes||2: No||B or -6: Not applicable"
"EHEATUT",4,"Heating",1,NA,"Energy star rated heating equipment","","Coming Soon","NEWHOUSE","PUF","2011","Equipment and Appliances","","","","Are any of these appliances energy star rated?",23,"Character","2011","7A67B0C29B6EE8873CA287A3B85F1CE6","1: Checked response||2: Did not check response||B or -6: Not applicable||Blank or -9: Not reported||D or -7: Don't know||R or -8: Refused"
"FLOT",4,"Heating",1,NA,"Heating equipment vented to outside","","Coming Soon","NEWHOUSE(2013,2011,2009,2007,2005,2004,2003,2002,2001); HOUSHLD(1999,1998,1997)","PUF","2013;2011;2009;2007;2005;2004;2003;2002;2001;1999;1998;1997","Equipment and Appliances","","","In 2011, the response codes changed from 'X' (positive response) to '1' (checked) and '2' (not checked). Information on [Working room heaters] is not available on the public use file.","Is it VENTED to the outside through a chimney, flue, or pipes OR is it UNVENTED?",34,"Character","2013;2011;2009;2007;2005;2004;2003;2002;2001;1999;1998;1997","7A67B0C29B6EE8873CA287A3B85F1CE6","1: Checked response||2: Did not check response||B or -6: Not applicable||Blank or -9: Not reported||D or -7: Don't know||R or -8: Refused"
"FPINS",4,"Heating",1,NA,"Fireplace has inserts","","Coming Soon","NEWHOUSE(2013,2011,2009,2007,2005,2004,2003,2002,2001); HOUSHLD(1999,1998,1997)","PUF","2013;2011;2009;2007;2005;2004;2003;2002;2001;1999;1998;1997","Equipment and Appliances","","","Information on [Don't consider fireplace to be heating equipment] is not available on the public use file.","Does it have inserts, that is, equipment designed to circulate more heat into the room?",35,"Character","2013;2011;2009;2007;2005;2004;2003;2002;2001;1999;1998;1997","7A67B0C29B6EE8873CA287A3B85F1CE6","1: Yes, all with inserts||2: Yes, some with inserts||3: No, none have inserts||B or -6: Not applicable||D or -7: Don't know||R or -8: Refused"
"FRPL",4,"Heating",1,NA,"Fireplace does not have inserts","","Coming Soon","NEWHOUSE(2013,2011,2009,2007,2005,2004,2003,2002,2001); HOUSHLD(1999,1998,1997)","PUF","2013;2011;2009;2007;2005;2004;2003;2002;2001;1999;1998;1997","Equipment and Appliances","","","The first response code was changed from 'X' to '1' for 2011 and forward.","Does it have inserts, that is, equipment designed to circulate more heat into the room?",38,"Character","2013;2011;2009;2007;2005;2004;2003;2002;2001;1999;1998;1997","7A67B0C29B6EE8873CA287A3B85F1CE6","1: No, none have inserts||B or -6: Not applicable||Blank or -9: Not reported"
"FRPLI",4,"Heating",1,NA,"Fireplace has inserts","","Coming Soon","NEWHOUSE(2013,2011,2009,2007,2005,2004,2003,2002,2001); HOUSHLD(1999,1998,1997)","PUF","2013;2011;2009;2007;2005;2004;2003;2002;2001;1999;1998;1997","Equipment and Appliances","","","The first response code was changed from 'X' to '1' for 2011 and forward.","Does it have inserts, that is, equipment designed to circulate more heat into the room?",39,"Character","2013;2011;2009;2007;2005;2004;2003;2002;2001;1999;1998;1997","7A67B0C29B6EE8873CA287A3B85F1CE6","1: Yes, some or all with inserts||B or -6: Not applicable||Blank or -9: Not reported"
"STEAM",4,"Heating",1,NA,"Steam system used as supplemental heating equipment","","Coming Soon","NEWHOUSE(2013,2011,2009,2007,2005,2004,2003,2002,2001); HOUSHLD(1999,1998,1997)","PUF","2013;2011;2009;2007;2005;2004;2003;2002;2001;1999;1998;1997","Equipment and Appliances","","","In 2011, the response codes changed from 'X' (positive response) to '1' (checked) and '2' (not checked).","What OTHER kinds of working heating equipment does this housing unit HAVE or USE?",80,"Character","2013;2011;2009;2007;2005;2004;2003;2002;2001;1999;1998;1997","7A67B0C29B6EE8873CA287A3B85F1CE6","1: Checked response||2: Did not check response||B or -6: Not applicable||Blank or -9: Not reported||D or -7: Don't know||R or -8: Refused"
"WINTERELSP",4,"Heating",1,NA,"Electric space heater used during winter months","","Coming Soon","NEWHOUSE","PUF","2011","Equipment and Appliances","","","","Have you ever used any of the following to heat this home during the winter months?",83,"Character","2011","7A67B0C29B6EE8873CA287A3B85F1CE6","1: Checked response||2: Did not check response||B or -6: Not applicable||D or -7: Don't know||R or -8: Refused"
"WINTERKESP",4,"Heating",1,NA,"Kerosene space heater used during winter months","","Coming Soon","NEWHOUSE","PUF","2011","Equipment and Appliances","","","","Have you ever used any of the following to heat this home during the winter months?",84,"Character","2011","7A67B0C29B6EE8873CA287A3B85F1CE6","1: Checked response||2: Did not check response||B or -6: Not applicable||D or -7: Don't know||R or -8: Refused"
"WINTERNONE",4,"Heating",1,NA,"No use of any other modes to heat unit during winter months","","Coming Soon","NEWHOUSE","PUF","2011","Equipment and Appliances","","","","Have you ever used any of the following to heat this home during the winter months?",85,"Character","2011","7A67B0C29B6EE8873CA287A3B85F1CE6","1: Checked response||2: Did not check response||B or -6: Not applicable||D or -7: Don't know||R or -8: Refused"
"WINTEROVEN",4,"Heating",1,NA,"Gas oven with an open door used during winter months","","Coming Soon","NEWHOUSE","PUF","2011","Equipment and Appliances","","","","Have you ever used any of the following to heat this home during the winter months?",86,"Character","2011","7A67B0C29B6EE8873CA287A3B85F1CE6","1: Checked response||2: Did not check response||B or -6: Not applicable||D or -7: Don't know||R or -8: Refused"
"WINTERWOOD",4,"Heating",1,NA,"Outdoor wood fire boiler used during winter months","","Coming Soon","NEWHOUSE","PUF","2011","Equipment and Appliances","","","","Have you ever used any of the following to heat this home during the winter months?",87,"Character","2011","7A67B0C29B6EE8873CA287A3B85F1CE6","1: Checked response||2: Did not check response||B or -6: Not applicable||D or -7: Don't know||R or -8: Refused"
"AIR",4,"Cooling",2,"JAIR","Room air conditioner","","Coming Soon","NEWHOUSE(2013,2011,2009,2007,2005,2004,2003,2002,2001); HOUSHLD(1999,1998,1997)","PUF","2013;2011;2009;2007;2005;2004;2003;2002;2001;1999;1998;1997","Equipment and Appliances","","","","Do you (also) use any room air conditioners? Do other residents use any room air conditioners? Does the housing unit have any room air conditioners?",4,"Numeric","2013;2011;2009;2007;2005;2004;2003;2002;2001;1999;1998;1997","B5EF1A26FC5B1ED056AA7B31999BBF56","1: Yes||2: No||B or -6: Not applicable"
"AIRSYS",4,"Cooling",2,"JIRSYS","Central air conditioner","","Coming Soon","NEWHOUSE(2013,2011,2009,2007,2005,2004,2003,2002,2001); HOUSHLD(1999,1998,1997)","PUF","2013;2011;2009;2007;2005;2004;2003;2002;2001;1999;1998;1997","Equipment and Appliances","","","","Does this heat pump/heating equipment provide air conditioning for this home? Does this housing unit have central air conditioning?",5,"Character","2013;2011;2009;2007;2005;2004;2003;2002;2001;1999;1998;1997","B5EF1A26FC5B1ED056AA7B31999BBF56","1: Yes||2: No||B or -6: Not applicable"
"EAIRC",4,"Cooling",2,NA,"Energy star rated room air conditioner","","Coming Soon","NEWHOUSE","PUF","2011","Equipment and Appliances","","","","Are any of these appliances energy star rated?",6,"Character","2011","B5EF1A26FC5B1ED056AA7B31999BBF56","1: Checked response||2: Did not check response||B or -6: Not applicable||Blank or -9: Not reported||D or -7: Don't know||R or -8: Refused"
"ECNTAIR",4,"Cooling",2,NA,"Energy star rated central air conditioner","","Coming Soon","NEWHOUSE","PUF","2011","Equipment and Appliances","","","","Are any of these appliances energy star rated?",7,"Character","2011","B5EF1A26FC5B1ED056AA7B31999BBF56","1: Checked response||2: Did not check response||B or -6: Not applicable||Blank or -9: Not reported||D or -7: Don't know||R or -8: Refused"
"NUMAIR",4,"Cooling",2,"JUMAIR","Number of room air conditioners","","Coming Soon","NEWHOUSE(2013,2011,2009,2007,2005,2004,2003,2002,2001); HOUSHLD(1999,1998,1997)","PUF","2013;2011;2009;2007;2005;2004;2003;2002;2001;1999;1998;1997","Equipment and Appliances","","","","How Many?",8,"Numeric","2013;2011;2009;2007;2005;2004;2003;2002;2001;1999;1998;1997","B5EF1A26FC5B1ED056AA7B31999BBF56","1:7: 1-7||8: 8 or more||B or -6: Not applicable"
"OARSYS",4,"Cooling",2,"JARSYS","Unit has another central a/c system","","Coming Soon","NEWHOUSE(2013,2011,2009,2007,2005,2004,2003,2002,2001); HOUSHLD(1999,1998,1997)","PUF","2013;2011;2009;2007;2005;2004;2003;2002;2001;1999;1998;1997","Equipment and Appliances","","","","Besides this heat pump, does this home have another CENTRAL air conditioning system? Does this home have ANOTHER CENTRAL air conditioning system?",10,"Character","2013;2011;2009;2007;2005;2004;2003;2002;2001;1999;1998;1997","B5EF1A26FC5B1ED056AA7B31999BBF56","1: Yes||2: No||B or -6: Not applicable"
"SEWDUS",4,"Water and Sewer",3,"JEWDUS","Number of units connected to sewage system","","Coming Soon","NEWHOUSE(2013,2011,2009,2007,2005,2004,2003,2002,2001); HOUSHLD(1999,1998,1997)","PUF","2013;2011;2009;2007;2005;2004;2003;2002;2001;1999;1998;1997","Equipment and Appliances","","","","How many homes are connected to the sewage system?",5,"Character","2013;2011;2009;2007;2005;2004;2003;2002;2001;1999;1998;1997","322FC7DCF068D5A88D063A4812612E28","1: One||2: 2 to 5||3: 6 or more||B or -6: Not applicable"
"WATER",4,"Water and Sewer",3,"JWATER","Source of water for unit","","Coming Soon","NEWHOUSE(2013,2011,2009,2007,2005,2004,2003,2002,2001); HOUSHLD(1999,1998,1997)","PUF","2013;2011;2009;2007;2005;2004;2003;2002;2001;1999;1998;1997","Equipment and Appliances","","","","Does most of the water for this housing unit come from a water system, either public or private, from an individual well, or from some other source?",6,"Character","2013;2011;2009;2007;2005;2004;2003;2002;2001;1999;1998;1997","322FC7DCF068D5A88D063A4812612E28","1: Public or private system||2: Individual well||3: Spring||4: Cistern||5: Stream or lake||6: Commercial bottled water||7: Other||B or -6: Not applicable"
"SEWDIS",4,"Water and Sewer",3,"JEWDIS","Type of sewage disposal","","Coming Soon","NEWHOUSE(2013,2011,2009,2007,2005,2004,2003,2002,2001); HOUSHLD(1999,1998,1997)","PUF","2013;2011;2009;2007;2005;2004;2003;2002;2001;1999;1998;1997","Equipment and Appliances","","","","What means of sewage disposal does this housing unit have?",7,"Character","2013;2011;2009;2007;2005;2004;2003;2002;2001;1999;1998;1997","322FC7DCF068D5A88D063A4812612E28","1: Septic tank or cesspool||2: Chemical toilet||3: Outhouse or privy||4: Other||5: None||B or -6: Not applicable"
"SEWDISTP",4,"Water and Sewer",3,NA,"Type of septic tank or cesspool sewage disposal system","","Coming Soon","NEWHOUSE","PUF","2011","Equipment and Appliances","","","","What type of sewage disposal system do you have?",8,"Character","2011","322FC7DCF068D5A88D063A4812612E28","1: Conventional — Standard septic tank and subsurface leach field||2: Pressurized — Uses a pump to distribute wastewater||3: Mound — Elevated above natural soil surface||4: Irrigation — Applies treated wastewater||5: Other — Any type not listed above||B or -6: Not applicable||D or -7: Don't know||R or -8: Refused"
"REFR",4,"Appliances",4,"JREFR","Unit has a working refrigerator","","Coming Soon","NEWHOUSE(2013,2011,2009,2007,2005,2004,2003,2002,2001); HOUSHLD(1999,1998,1997)","PUF","2013;2011;2009;2007;2005;2004;2003;2002;2001;1999;1998;1997","Equipment and Appliances","","","","Does this housing unit have a refrigerator that is in working order? (Exclude ice boxes.)",11,"Character","2013;2011;2009;2007;2005;2004;2003;2002;2001;1999;1998;1997","DDE615B987455B3B28E34E5C317F8084","1: Yes||2: No||B or -6: Not applicable"
"DISH",4,"Appliances",4,"JDISH","Unit has working dishwasher","","Coming Soon","NEWHOUSE(2013,2011,2009,2007,2005,2004,2003,2002,2001); HOUSHLD(1999,1998,1997)","PUF","2013;2011;2009;2007;2005;2004;2003;2002;2001;1999;1998;1997","Equipment and Appliances","","","","Recode created from DISHQ, APPLWK, DISHWK, DISHFX",12,"Character","2013;2011;2009;2007;2005;2004;2003;2002;2001;1999;1998;1997","DDE615B987455B3B28E34E5C317F8084","1: Yes||2: No||B or -6: Not applicable"
"SINK",4,"Appliances",4,"JSINK","Unit has kitchen sink","","Coming Soon","NEWHOUSE(2013,2011,2009,2007,2005,2004,2003,2002,2001); HOUSHLD(1999,1998,1997)","PUF","2013;2011;2009;2007;2005;2004;2003;2002;2001;1999;1998;1997","Equipment and Appliances","","","","Does this housing unit have a kitchen sink?",13,"Character","2013;2011;2009;2007;2005;2004;2003;2002;2001;1999;1998;1997","DDE615B987455B3B28E34E5C317F8084","1: Yes||2: No||B or -6: Not applicable"
"WASH",4,"Appliances",4,"JWASH","Unit has a working washing machine","","Coming Soon","NEWHOUSE(2013,2011,2009,2007,2005,2004,2003,2002,2001); HOUSHLD(1999,1998,1997)","PUF","2013;2011;2009;2007;2005;2004;2003;2002;2001;1999;1998;1997","Equipment and Appliances","","","","Recode created from WASHQ, APPLWK, WASHWK, WASHFX",14,"Character","2013;2011;2009;2007;2005;2004;2003;2002;2001;1999;1998;1997","DDE615B987455B3B28E34E5C317F8084","1: Yes||2: No||B or -6: Not applicable"
"DRY",4,"Appliances",4,"JDRY","Unit has working clothes dryer","","Coming Soon","NEWHOUSE(2013,2011,2009,2007,2005,2004,2003,2002,2001); HOUSHLD(1999,1998,1997)","PUF","2013;2011;2009;2007;2005;2004;2003;2002;2001;1999;1998;1997","Equipment and Appliances","","","","Recode created from DRYQ, APPLWK, DRYWK, DRYFX",15,"Character","2013;2011;2009;2007;2005;2004;2003;2002;2001;1999;1998;1997","DDE615B987455B3B28E34E5C317F8084","1: Yes||2: No||B or -6: Not applicable"
"BURNER",4,"Appliances",4,"JURNER","Unit has working built-in cooking burners","","Coming Soon","NEWHOUSE(2013,2011,2009,2007,2005,2004,2003,2002,2001); HOUSHLD(1999,1998,1997)","PUF","2013;2011;2009;2007;2005;2004;2003;2002;2001;1999;1998;1997","Equipment and Appliances","","","","Does this housing unit have any built-in cooking burners that are in working order?",16,"Character","2013;2011;2009;2007;2005;2004;2003;2002;2001;1999;1998;1997","DDE615B987455B3B28E34E5C317F8084","1: Yes||2: No||B or -6: Not applicable"
"COOK",4,"Appliances",4,"JCOOK","Unit has working cookstove or range/oven","","Coming Soon","NEWHOUSE(2013,2011,2009,2007,2005,2004,2003,2002,2001); HOUSHLD(1999,1998,1997)","PUF","2013;2011;2009;2007;2005;2004;2003;2002;2001;1999;1998;1997","Equipment and Appliances","","","","Does this housing unit have some type of cooking stove, or a range with an oven--one that is in working order?",17,"Character","2013;2011;2009;2007;2005;2004;2003;2002;2001;1999;1998;1997","DDE615B987455B3B28E34E5C317F8084","1: Yes||2: No||B or -6: Not applicable"
"DISPL",4,"Appliances",4,"JDISPL","Unit has working garbage disposal","","Coming Soon","NEWHOUSE(2013,2011,2009,2007,2005,2004,2003,2002,2001); HOUSHLD(1999,1998,1997)","PUF","2013;2011;2009;2007;2005;2004;2003;2002;2001;1999;1998;1997","Equipment and Appliances","","","","Recode created from DISPLQ, APPLWK, DISPLWK, DISPLFX",19,"Character","2013;2011;2009;2007;2005;2004;2003;2002;2001;1999;1998;1997","DDE615B987455B3B28E34E5C317F8084","1: Yes||2: No||B or -6: Not applicable"
"EDISHWR",4,"Appliances",4,NA,"Energy star rated dishwasher","","Coming Soon","NEWHOUSE","PUF","2011","Equipment and Appliances","","","","Are any of these appliances energy star rated?",20,"Character","2011","DDE615B987455B3B28E34E5C317F8084","1: Checked response||2: Did not check response||B or -6: Not applicable||Blank or -9: Not reported||D or -7: Don't know||R or -8: Refused"
"EDRYER",4,"Appliances",4,NA,"Energy star rated clothes dryer","","Coming Soon","NEWHOUSE","PUF","2011","Equipment and Appliances","","","","Are any of these appliances energy star rated?",21,"Character","2011","DDE615B987455B3B28E34E5C317F8084","1: Checked response||2: Did not check response||B or -6: Not applicable||Blank or -9: Not reported||D or -7: Don't know||R or -8: Refused"
"EFRIDGE",4,"Appliances",4,NA,"Energy star rated refrigerator","","Coming Soon","NEWHOUSE","PUF","2011","Equipment and Appliances","","","","Are any of these appliances energy star rated?",22,"Character","2011","DDE615B987455B3B28E34E5C317F8084","1: Checked response||2: Did not check response||B or -6: Not applicable||Blank or -9: Not reported||D or -7: Don't know||R or -8: Refused"
"ENOEAPP",4,"Appliances",4,NA,"No energy star rated appliances","","Coming Soon","NEWHOUSE","PUF","2011","Equipment and Appliances","","","","Are any of these appliances energy star rated?",23,"Character","2011","DDE615B987455B3B28E34E5C317F8084","1: Checked response||2: Did not check response||B or -6: Not applicable||Blank or -9: Not reported||D or -7: Don't know||R or -8: Refused"
"EOTEAPP",4,"Appliances",4,NA,"Unit has another type of energy star rated appliance","","Coming Soon","NEWHOUSE","PUF","2011","Equipment and Appliances","","","","Are any of these appliances energy star rated?",24,"Character","2011","DDE615B987455B3B28E34E5C317F8084","1: Checked response||2: Did not check response||B or -6: Not applicable||Blank or -9: Not reported||D or -7: Don't know||R or -8: Refused"
"ETRSHCP",4,"Appliances",4,NA,"Energy star rated built-in trash compactor","","Coming Soon","NEWHOUSE","PUF","2011","Equipment and Appliances","","","","Are any of these appliances energy star rated?",25,"Character","2011","DDE615B987455B3B28E34E5C317F8084","1: Checked response||2: Did not check response||B or -6: Not applicable||Blank or -9: Not reported||D or -7: Don't know||R or -8: Refused"
"EWASHR",4,"Appliances",4,NA,"Energy star rated washing machine","","Coming Soon","NEWHOUSE","PUF","2011","Equipment and Appliances","","","","Are any of these appliances energy star rated?",26,"Character","2011","DDE615B987455B3B28E34E5C317F8084","1: Checked response||2: Did not check response||B or -6: Not applicable||Blank or -9: Not reported||D or -7: Don't know||R or -8: Refused"
"OVEN",4,"Appliances",4,"JOVEN","Unit has a working microwave oven","","Coming Soon","NEWHOUSE(2013,2011,2009,2007,2005,2004,2003,2002,2001); HOUSHLD(1999,1998,1997)","PUF","2013;2011;2009;2007;2005;2004;2003;2002;2001;1999;1998;1997","Equipment and Appliances","","","","Does this housing unit have a microwave oven that is in working order?",28,"Character","2013;2011;2009;2007;2005;2004;2003;2002;2001;1999;1998;1997","DDE615B987455B3B28E34E5C317F8084","1: Yes||2: No||B or -6: Not applicable"
"PHONE",4,"Appliances",4,NA,"Telephone available for use","","Coming Soon","NEWHOUSE(2013,2011,2009,2007,2005,2004,2003,2002,2001); TOPPUF(1999,1998)","PUF","2013;2011;2009;2007;2005;2004;2003;2002;2001;1999;1998","Equipment and Appliances","","","","This recode indicates whether or not a telephone is in the housing unit. If there is no telephone in the unit, then the recode indicates whether or not there is a telephone available somewhere for the household's use",29,"Character","2013;2011;2009;2007;2005;2004;2003;2002;2001;1999;1998","DDE615B987455B3B28E34E5C317F8084","1: Telephone in unit or one is available for the household's use||2: No telephone in unit and none available for the household's use||B or -6: Not applicable||D or -7: Don't know"
"TRASH",4,"Appliances",4,"JTRASH","Unit has working built-in trash compactor","","Coming Soon","NEWHOUSE(2013,2011,2009,2007,2005,2004,2003,2002,2001); HOUSHLD(1999,1998,1997)","PUF","2013;2011;2009;2007;2005;2004;2003;2002;2001;1999;1998;1997","Equipment and Appliances","","","","Recode created from TRASHQ, APPLWK, TRASHWK, TRASHFX",32,"Character","2013;2011;2009;2007;2005;2004;2003;2002;2001;1999;1998;1997","DDE615B987455B3B28E34E5C317F8084","1: Yes||2: No||B or -6: Not applicable"
"NOWIRE",5,"Electrical Problems",1,"JNOWIRE","Flag indicating electrical wiring concealed by walls","NOWIREQ","Coming soon","HOUSEHOLD(2017,2015); NEWHOUSE(2013,2011,2009,2007,2005,2004,2003,2002,2001); HOUSHLD(1999,1998,1997)","PUF","2017;2015;2013;2011;2009;2007;2005;2004;2003;2002;2001;1999;1998;1997","Housing Problems","INTSTATUS in ('1' '2' '3')","None","","Is all the electrical wiring in the finished areas of this unit either concealed inside walls or under protective metal or plastic coverings?",1,"Character","2017;2015;2013;2011;2009;2007;2005;2004;2003;2002;2001;1999;1998;1997","E1B0A48E340FD1AA9BEBCA2526D4CFD3","1: Concealed||2: Exposed||3: No electrical wiring||N or -6 (2015 and later) / B or -6 (2013 and earlier): Not applicable"
"PLUGS",5,"Electrical Problems",1,"JPLUGS","Flag indicating every room has working electrical plug","PLUGSQ","Coming soon","HOUSEHOLD(2017,2015); NEWHOUSE(2013,2011,2009,2007,2005,2004,2003,2002,2001); HOUSHLD(1999,1998,1997)","PUF","2017;2015;2013;2011;2009;2007;2005;2004;2003;2002;2001;1999;1998;1997","Housing Problems","INTSTATUS in ('1' '2' '3') and NOWIRE <> '3'","None","","Does every room have an electrical outlet or wall plug that works?",3,"Character","2017;2015;2013;2011;2009;2007;2005;2004;2003;2002;2001;1999;1998;1997","E1B0A48E340FD1AA9BEBCA2526D4CFD3","1: Yes||2: No||N or -6 (2015 and later) / B or -6 (2013 and earlier): Not applicable"
"IFBLOW",5,"Electrical Problems",1,"JFBLOW","Fuses blown or circuit breakers tripped","","Coming Soon","NEWHOUSE(2013,2011,2009,2007,2005,2004,2003,2002,2001); HOUSHLD(1999,1998,1997)","PUF","2013;2011;2009;2007;2005;2004;2003;2002;2001;1999;1998;1997","Housing Problems","","","","Have any fuses blown or circuit breakers tripped in your home?",4,"Character","2013;2011;2009;2007;2005;2004;2003;2002;2001;1999;1998;1997","E1B0A48E340FD1AA9BEBCA2526D4CFD3","1: Yes||2: No||B or -6: Not applicable||Blank or -9: Not reported||D or -7: Don't know||R or -8: Refused"
"NUMBLOW",5,"Electrical Problems",1,NA,"# times fuses blown or breakers tripped","","Coming Soon","NEWHOUSE(2013,2011,2009,2007,2005,2004,2003,2002,2001); HOUSHLD(1999,1998,1997)","PUF","2013;2011;2009;2007;2005;2004;2003;2002;2001;1999;1998;1997","Housing Problems","","","","How many times fuses blown or breakers tripped?",6,"Character","2013;2011;2009;2007;2005;2004;2003;2002;2001;1999;1998;1997","E1B0A48E340FD1AA9BEBCA2526D4CFD3","1:7: 1-7 times||8: 8 or more times||B or -6: Not applicable||Blank or -9: Not reported||D or -7: Don't know"
"FREEZE",5,"Heating Problems",2,"JREEZE","Unit cold for 24+ hrs was uncomfortable","","Coming Soon","NEWHOUSE(2013,2011,2009,2007,2005,2004,2003,2002,2001); HOUSHLD(1999,1998,1997)","PUF","2013;2011;2009;2007;2005;2004;2003;2002;2001;1999;1998;1997","Housing Problems","","","","Last winter, for any reason, was your housing unit so cold for 24 hours or more that it was uncomfortable?",9,"Character","2013;2011;2009;2007;2005;2004;2003;2002;2001;1999;1998;1997","6F9643991BCD92323ED1B2F298583884","1: Yes||2: No||3: Did not live here last winter||B or -6: Not applicable||Blank or -9: Not reported||D or -7: Don't know||R or -8: Refused"
"IFCOLD",5,"Heating Problems",2,"JFCOLD","Main heating equipment broke down","","Coming Soon","NEWHOUSE(2013,2011,2009,2007,2005,2004,2003,2002,2001); HOUSHLD(1999,1998,1997)","PUF","2013;2011;2009;2007;2005;2004;2003;2002;2001;1999;1998;1997","Housing Problems","","","","Was that because the MAIN heating equipment broke down?",10,"Character","2013;2011;2009;2007;2005;2004;2003;2002;2001;1999;1998;1997","6F9643991BCD92323ED1B2F298583884","1: Yes||2: No, didn't break down OR no heating equipment||B or -6: Not applicable||D or -7: Don't know"
"NUMCOLD",5,"Heating Problems",2,NA,"# times main heating equipment broke down","","Coming Soon","NEWHOUSE(2013,2011,2009,2007,2005,2004,2003,2002,2001); HOUSHLD(1999,1998,1997)","PUF","2013;2011;2009;2007;2005;2004;2003;2002;2001;1999;1998;1997","Housing Problems","","","","How many times did main heating equipment break down for 6 hours or more?",11,"Character","2013;2011;2009;2007;2005;2004;2003;2002;2001;1999;1998;1997","6F9643991BCD92323ED1B2F298583884","0: Never broken down for 6 hours||1:7: 1-7 breakdowns lasting 6 hours or more||8: 8 or more breakdowns lasting 6 hours or more||B or -6: Not applicable||D or -7: Don't know||R or -8: Refused"
"WHYCD1",5,"Heating Problems",2,NA,"Unit cold due to utility interruption","","Coming Soon","NEWHOUSE(2013,2011,2009,2007,2005,2004,2003,2002,2001); HOUSHLD(1999,1998,1997)","PUF","2013;2011;2009;2007;2005;2004;2003;2002;2001;1999;1998;1997","Housing Problems","","","In 2011, the response codes changed from 'X' (positive response) to '1' (checked) and '2' (not checked).","What was the reason?",12,"Character","2013;2011;2009;2007;2005;2004;2003;2002;2001;1999;1998;1997","6F9643991BCD92323ED1B2F298583884","1: Checked response||2: Did not check response||B or -6: Not applicable||Blank or -9: Not reported||D or -7: Don't know||R or -8: Refused"
"WHYCD2",5,"Heating Problems",2,NA,"Unit cold due to inadequate heating capacity","","Coming Soon","NEWHOUSE(2013,2011,2009,2007,2005,2004,2003,2002,2001); HOUSHLD(1999,1998,1997)","PUF","2013;2011;2009;2007;2005;2004;2003;2002;2001;1999;1998;1997","Housing Problems","","","In 2011, the response codes changed from 'X' (positive response) to '1' (checked) and '2' (not checked).","What was the reason?",13,"Character","2013;2011;2009;2007;2005;2004;2003;2002;2001;1999;1998;1997","6F9643991BCD92323ED1B2F298583884","1: Checked response||2: Did not check response||B or -6: Not applicable||Blank or -9: Not reported||D or -7: Don't know||R or -8: Refused"
"WHYCD3",5,"Heating Problems",2,NA,"Unit cold due to inadequate insulation","","Coming Soon","NEWHOUSE(2013,2011,2009,2007,2005,2004,2003,2002,2001); HOUSHLD(1999,1998,1997)","PUF","2013;2011;2009;2007;2005;2004;2003;2002;2001;1999;1998;1997","Housing Problems","","","In 2011, the response codes changed from 'X' (positive response) to '1' (checked) and '2' (not checked).","What was the reason?",14,"Character","2013;2011;2009;2007;2005;2004;2003;2002;2001;1999;1998;1997","6F9643991BCD92323ED1B2F298583884","1: Checked response||2: Did not check response||B or -6: Not applicable||Blank or -9: Not reported||D or -7: Don't know||R or -8: Refused"
"WHYCD4",5,"Heating Problems",2,NA,"Unit cold due to cost of heating","","Coming Soon","NEWHOUSE(2013,2011,2009,2007,2005,2004,2003,2002,2001); HOUSHLD(1999,1998,1997)","PUF","2013;2011;2009;2007;2005;2004;2003;2002;2001;1999;1998;1997","Housing Problems","","","In 2011, the response codes changed from 'X' (positive response) to '1' (checked) and '2' (not checked).","What was the reason?",15,"Character","2013;2011;2009;2007;2005;2004;2003;2002;2001;1999;1998;1997","6F9643991BCD92323ED1B2F298583884","1: Checked response||2: Did not check response||B or -6: Not applicable||Blank or -9: Not reported||D or -7: Don't know||R or -8: Refused"
"WHYCD5",5,"Heating Problems",2,NA,"Unit cold because of some other reason","","Coming Soon","NEWHOUSE(2013,2011,2009,2007,2005,2004,2003,2002,2001); HOUSHLD(1999,1998,1997)","PUF","2013;2011;2009;2007;2005;2004;2003;2002;2001;1999;1998;1997","Housing Problems","","","In 2011, the response codes changed from 'X' (positive response) to '1' (checked) and '2' (not checked).","What was the reason?",16,"Character","2013;2011;2009;2007;2005;2004;2003;2002;2001;1999;1998;1997","6F9643991BCD92323ED1B2F298583884","1: Checked response||2: Did not check response||B or -6: Not applicable||Blank or -9: Not reported||D or -7: Don't know||R or -8: Refused"
"OTHCLD",5,"Heating Problems",2,NA,"Unit cold for some other reason","","Coming Soon","NEWHOUSE(2013,2011,2009,2007,2005,2004,2003,2002,2001); HOUSHLD(1999,1998,1997)","PUF","2013;2011;2009;2007;2005;2004;2003;2002;2001;1999;1998;1997","Housing Problems","","","","Was it cold for any other reason?",17,"Character","2013;2011;2009;2007;2005;2004;2003;2002;2001;1999;1998;1997","6F9643991BCD92323ED1B2F298583884","1: Yes||2: No||B or -6: Not applicable||R or -8: Refused"
"IFTLT",5,"Plumbing Problems",3,"JIFTLT","Any toilet breakdowns in last 3 months","","Coming Soon","NEWHOUSE(2013,2011,2009,2007,2005,2004,2003,2002,2001); HOUSHLD(1999,1998,1997)","PUF","2013;2011;2009;2007;2005;2004;2003;2002;2001;1999;1998;1997","Housing Problems","","","","Was there any time in last 3 months when the toilet BROKEN, or STOPPED UP, or otherwise NOT WORKING, so you COULDN'T USE it? Did that happen at all WITHIN THE PAST THREE MONTHS, that is, since 3 months ago (date)?",6,"Character","2013;2011;2009;2007;2005;2004;2003;2002;2001;1999;1998;1997","2F6E87E01FC693FB5B5B7CE4DAED2668","1: Yes||2: No||B or -6: Not applicable||Blank or -9: Not reported||D or -7: Don't know||R or -8: Refused"
"NUMTLT",5,"Plumbing Problems",3,NA,"Number of toilet breakdowns 6 hours or more","","Coming Soon","NEWHOUSE(2013,2011,2009,2007,2005,2004,2003,2002,2001); HOUSHLD(1999,1998,1997)","PUF","2013;2011;2009;2007;2005;2004;2003;2002;2001;1999;1998;1997","Housing Problems","","","","And how many of those times toilet not working for SIX HOURS or MORE?",7,"Character","2013;2011;2009;2007;2005;2004;2003;2002;2001;1999;1998;1997","2F6E87E01FC693FB5B5B7CE4DAED2668","0: Never broken down for 6 hours||1:7: 1-7 toilet breakdowns lasting 6 hours or more||8: 8 or more toilet breakdowns lasting 6 hours or more||B or -6: Not applicable||Blank or -9: Not reported||D or -7: Don't know"
"IFDRY",5,"Plumbing Problems",3,"JIFDRY","Unit completely without running water","","Coming Soon","NEWHOUSE(2013,2011,2009,2007,2005,2004,2003,2002,2001); HOUSHLD(1999,1998,1997)","PUF","2013;2011;2009;2007;2005;2004;2003;2002;2001;1999;1998;1997","Housing Problems","","","","Was your home ever COMPLETELY without running water",8,"Character","2013;2011;2009;2007;2005;2004;2003;2002;2001;1999;1998;1997","2F6E87E01FC693FB5B5B7CE4DAED2668","1: Yes||2: No water stoppage||B or -6: Not applicable||Blank or -9: Not reported||D or -7: Don't know||R or -8: Refused"
"NUMDRY",5,"Plumbing Problems",3,NA,"# times completely without running water","","Coming Soon","NEWHOUSE(2013,2011,2009,2007,2005,2004,2003,2002,2001); HOUSHLD(1999,1998,1997)","PUF","2013;2011;2009;2007;2005;2004;2003;2002;2001;1999;1998;1997","Housing Problems","","","","How many times was it not available for 6 hours or more?",9,"Character","2013;2011;2009;2007;2005;2004;2003;2002;2001;1999;1998;1997","2F6E87E01FC693FB5B5B7CE4DAED2668","0: None lasted 6 hours||1:7: 1-7 water stoppages lasting 6 hours or more||8: 8 or more water stoppages lasting 6 hours or more||B or -6: Not applicable||D or -7: Don't know"
"HOTPIP",5,"Plumbing Problems",3,"JOTPIP","Unit has hot & cold running water","","Coming Soon","NEWHOUSE(2013,2011,2009,2007,2005,2004,2003,2002,2001); HOUSHLD(1999,1998,1997)","PUF","2013;2011;2009;2007;2005;2004;2003;2002;2001;1999;1998;1997","Housing Problems","","","","Does this full bath contain both hot and cold water? Does this housing unit have both hot and cold water?",10,"Character","2013;2011;2009;2007;2005;2004;2003;2002;2001;1999;1998;1997","2F6E87E01FC693FB5B5B7CE4DAED2668","1: Yes||2: No||B or -6: Not applicable"
"IFSEW",5,"Plumbing Problems",3,"JIFSEW","Sewage system broke down","","Coming Soon","NEWHOUSE(2013,2011,2009,2007,2005,2004,2003,2002,2001); HOUSHLD(1999,1998,1997)","PUF","2013;2011;2009;2007;2005;2004;2003;2002;2001;1999;1998;1997","Housing Problems","","","","Did the sewage system break down in your home -- that is, since last interview?",11,"Character","2013;2011;2009;2007;2005;2004;2003;2002;2001;1999;1998;1997","2F6E87E01FC693FB5B5B7CE4DAED2668","1: Yes||2: No||B or -6: Not applicable"
"NUMSEW",5,"Plumbing Problems",3,"JUMSEW","Number of sewage system breakdowns","","Coming Soon","NEWHOUSE(2013,2011,2009,2007,2005,2004,2003,2002,2001); HOUSHLD(1999,1998,1997)","PUF","2013;2011;2009;2007;2005;2004;2003;2002;2001;1999;1998;1997","Housing Problems","","","","How many of these breakdowns lasted 6 hours or more?",12,"Character","2013;2011;2009;2007;2005;2004;2003;2002;2001;1999;1998;1997","2F6E87E01FC693FB5B5B7CE4DAED2668","0: None lasted 6 hours||1:7: 1-7 sewage breakdowns lasting 6 hours or more||8: 8 or more sewage breakdowns lasting 6 hours or more||B or -6: Not applicable"
"PLUMB",5,"Plumbing Problems",3,NA,"Complete plumbing facilities in unit","","Coming Soon","NEWHOUSE(2013,2011,2009,2007,2005,2004,2003,2002,2001); TOPPUF(1999,1998,1997)","PUF","2013;2011;2009;2007;2005;2004;2003;2002;2001;1999;1998;1997","Housing Problems","","","","To have complete plumbing facilities, the unit must have exclusive use of hot and cold running water, a toilet, and a bathtub/shower in the bathroom. Lack of any of these items or lack of exclusive use means the unit does not have complete p",13,"Character","2013;2011;2009;2007;2005;2004;2003;2002;2001;1999;1998;1997","2F6E87E01FC693FB5B5B7CE4DAED2668","1: have complete plumbing facilities for exclusive use||2: lacking complete plumbing facilities for exclusive use||B or -6: Not applicable"
"PUBSEW",5,"Plumbing Problems",3,"JUBSEW","Unit connected to public sewer","","Coming Soon","NEWHOUSE(2013,2011,2009,2007,2005,2004,2003,2002,2001); HOUSHLD(1999,1998,1997)","PUF","2013;2011;2009;2007;2005;2004;2003;2002;2001;1999;1998;1997","Housing Problems","","","","Is this housing unit connected to a public sewer?",14,"Character","2013;2011;2009;2007;2005;2004;2003;2002;2001;1999;1998;1997","2F6E87E01FC693FB5B5B7CE4DAED2668","1: Yes||2: No||B or -6: Not applicable"
"EVROD",5,"Pests",4,"JEVROD","Evidence of rodents in unit","","Coming Soon","NEWHOUSE(2013,2011,2009,2007,2005,2004,2003,2002,2001); HOUSHLD(1999,1998,1997)","PUF","2013;2011;2009;2007;2005;2004;2003;2002;2001;1999;1998;1997","Housing Problems","","","","Have you ever seen signs of mice or rats INSIDE your housing unit ? (EXCLUDE RATS/MICE KEPT AS PETS OR SNAKE FOOD OR OTHERWISE DELIBERATELY BROUGHT INSIDE)",3,"Character","2013;2011;2009;2007;2005;2004;2003;2002;2001;1999;1998;1997","F1E3F49046C274ED857A4445B1B1AB9C","1: Yes||2: No||B or -6: Not applicable"
"EROACH",5,"Pests",4,"JEROACH","Evidence of roaches in unit","","Coming Soon","NEWHOUSE","PUF","2013;2011","Housing Problems","","","","Have you ever seen signs of live or dead cockroaches or cockroach feces INSIDE your living quarters?",4,"Character","2013;2011","F1E3F49046C274ED857A4445B1B1AB9C","1: Yes||2: No||B or -6: Not applicable"
"M12ROD",5,"Pests",4,"JM12ROD","Rodents seen in unit recently","","Coming Soon","NEWHOUSE","PUF","2013;2011","Housing Problems","","","","Was that within the past 12 months -- that is, since 12 months ago (date)?",6,"Character","2013;2011","F1E3F49046C274ED857A4445B1B1AB9C","1: Yes||2: No||B or -6: Not applicable"
"M12ROACH",5,"Pests",4,"JM12ROACH","Roaches seen in unit recently","","Coming Soon","NEWHOUSE","PUF","2013;2011","Housing Problems","","","","Was that within the past 12 months -- that is, since 12 months ago (date)?",7,"Character","2013;2011","F1E3F49046C274ED857A4445B1B1AB9C","1: Yes||2: No||B or -6: Not applicable"
"MICE",5,"Pests",4,"JMICE","Mice seen in unit recently","","Coming Soon","NEWHOUSE(2013,2011,2009,2007,2005,2004,2003,2002,2001); HOUSHLD(1999,1998,1997)","PUF","2013;2011;2009;2007;2005;2004;2003;2002;2001;1999;1998;1997","Housing Problems","","","In 2011, the response codes changed from 'X' (positive response) to '1' (checked) and '2' (not checked).","Was it a rat, a mouse, or aren't you sure what it was?",8,"Character","2013;2011;2009;2007;2005;2004;2003;2002;2001;1999;1998;1997","F1E3F49046C274ED857A4445B1B1AB9C","1: Checked response||2: Did not check response||B or -6: Not applicable||Blank or -9: Not reported"
"RATS",5,"Pests",4,"JRATS","Rats seen in unit recently","","Coming Soon","NEWHOUSE(2013,2011,2009,2007,2005,2004,2003,2002,2001); HOUSHLD(1999,1998,1997)","PUF","2013;2011;2009;2007;2005;2004;2003;2002;2001;1999;1998;1997","Housing Problems","","","In 2011, the response codes changed from 'X' (positive response) to '1' (checked) and '2' (not checked).","Was it a rat, a mouse, or aren't you sure what it was?",9,"Character","2013;2011;2009;2007;2005;2004;2003;2002;2001;1999;1998;1997","F1E3F49046C274ED857A4445B1B1AB9C","1: Checked response||2: Did not check response||B or -6: Not applicable||Blank or -9: Not reported"
"RATFREQ",5,"Pests",4,"JRATFREQ","Frequency of evidence of rats","","Coming Soon","NEWHOUSE","PUF","2013;2011","Housing Problems","","","","How often have you seen any evidence of mice or rats in your home since 12 months ago (date)? Would you say it was daily, weekly, monthly, or a few times?",10,"Character","2013;2011","F1E3F49046C274ED857A4445B1B1AB9C","1: Daily||2: Weekly||3: Monthly||4: A few times||B or -6: Not applicable"
"ROACHFRQ",5,"Pests",4,"JROACHFRQ","Frequency of evidence of roaches","","Coming Soon","NEWHOUSE","PUF","2013;2011","Housing Problems","","","","How often have you seen any live or dead cockroaches or cockroach feces INSIDE your home since 12 months ago (date)? Would you say it was daily, weekly, monthly, or a few times?",11,"Character","2013;2011","F1E3F49046C274ED857A4445B1B1AB9C","1: Daily||2: Weekly||3: Monthly||4: A few times||B or -6: Not applicable"
"NOTSUR",5,"Pests",4,"JOTSUR","Not sure if rodents were rats or mice","","Coming Soon","NEWHOUSE(2013,2011,2009,2007,2005,2004,2003,2002,2001); HOUSHLD(1999,1998,1997)","PUF","2013;2011;2009;2007;2005;2004;2003;2002;2001;1999;1998;1997","Housing Problems","","","In 2011, the response codes changed from 'X' (positive response) to '1' (checked) and '2' (not checked).","Was it a rat, a mouse, or aren't you sure what it was?",12,"Character","2013;2011;2009;2007;2005;2004;2003;2002;2001;1999;1998;1997","F1E3F49046C274ED857A4445B1B1AB9C","1: Checked response||2: Did not check response||B or -6: Not applicable||Blank or -9: Not reported"
"ECRUMB",5,"Structural Problems",5,NA,"Holes/cracks or crumbling in foundation","","Coming Soon","NEWHOUSE(2013,2011,2009,2007,2005,2004,2003,2002,2001); HOUSHLD(1999,1998,1997)","PUF","2013;2011;2009;2007;2005;2004;2003;2002;2001;1999;1998;1997","Housing Problems","","","The observation module was removed from the questionnaire in 2011 and this question was moved to the breakdown module. Prior to 2011, only noninterviews were coded as not applicable (B) for this question. In 2011 and after, Bs are defined in relation to the universe of the question in the questionnaire.","Are there holes or open cracks or crumbling in the foundation of this housing unit--that is, in the base on which the housing unit stands? (Do not count holes made for ventilation)",13,"Character","2013;2011;2009;2007;2005;2004;2003;2002;2001;1999;1998;1997","E43AF18D7BA9D64E3D2D2BA47061BCF0","1: Yes||2: No||B or -6: Not applicable||Blank or -9: Not reported||D or -7: Don't know||R or -8: Refused"
"EHOLER",5,"Structural Problems",5,NA,"Roof has holes","","Coming Soon","NEWHOUSE(2013,2011,2009,2007,2005,2004,2003,2002,2001); HOUSHLD(1999,1998,1997)","PUF","2013;2011;2009;2007;2005;2004;2003;2002;2001;1999;1998;1997","Housing Problems","","","The observation module was removed from the questionnaire in 2011 and this question was moved to the breakdown module. Prior to 2011, only noninterviews were coded as not applicable (B) for this question. In 2011 and after, Bs are defined in relation to the universe of the question in the questionnaire.","Does the roof have any holes?",14,"Character","2013;2011;2009;2007;2005;2004;2003;2002;2001;1999;1998;1997","E43AF18D7BA9D64E3D2D2BA47061BCF0","1: Yes||2: No||B or -6: Not applicable||Blank or -9: Not reported||D or -7: Don't know||R or -8: Refused"
"EMISSR",5,"Structural Problems",5,NA,"Roof missing shingles/other roofing materials","","Coming Soon","NEWHOUSE(2013,2011,2009,2007,2005,2004,2003,2002,2001); HOUSHLD(1999,1998,1997)","PUF","2013;2011;2009;2007;2005;2004;2003;2002;2001;1999;1998;1997","Housing Problems","","","The observation module was removed from the questionnaire in 2011 and this question was moved to the breakdown module. Prior to 2011, only noninterviews were coded as not applicable (B) for this question. In 2011 and after, Bs are defined in relation to the universe of the question in the questionnaire.","The next questions are about the CONDITION of the outside of this housing unit. Does the roof have missing shingles or other missing roofing materials? (Do not count gutters or downspouts)",15,"Character","2013;2011;2009;2007;2005;2004;2003;2002;2001;1999;1998;1997","E43AF18D7BA9D64E3D2D2BA47061BCF0","1: Yes||2: No||B or -6: Not applicable||Blank or -9: Not reported||D or -7: Don't know||R or -8: Refused"
"ESAGR",5,"Structural Problems",5,NA,"Roof's surface sags or is uneven","","Coming Soon","NEWHOUSE(2013,2011,2009,2007,2005,2004,2003,2002,2001); HOUSHLD(1999,1998,1997)","PUF","2013;2011;2009;2007;2005;2004;2003;2002;2001;1999;1998;1997","Housing Problems","","","The observation module was removed from the questionnaire in 2011 and this question was moved to the breakdown module. Prior to 2011, only noninterviews were coded as not applicable (B) for this question. In 2011 and after, Bs are defined in relation to the universe of the question in the questionnaire.","Does the roof's surface sag or appear uneven?",16,"Character","2013;2011;2009;2007;2005;2004;2003;2002;2001;1999;1998;1997","E43AF18D7BA9D64E3D2D2BA47061BCF0","1: Yes||2: No||B or -6: Not applicable||Blank or -9: Not reported||D or -7: Don't know||R or -8: Refused"
"EMISSW",5,"Structural Problems",5,NA,"Outside walls missing siding/bricks/etc","","Coming Soon","NEWHOUSE(2013,2011,2009,2007,2005,2004,2003,2002,2001); HOUSHLD(1999,1998,1997)","PUF","2013;2011;2009;2007;2005;2004;2003;2002;2001;1999;1998;1997","Housing Problems","","","The observation module was removed from the questionnaire in 2011 and this question was moved to the breakdown module. Prior to 2011, only noninterviews were coded as not applicable (B) for this question. In 2011 and after, Bs are defined in relation to the universe of the question in the questionnaire.","Do the outside walls have any missing siding, bricks, or other missing wall materials?",17,"Character","2013;2011;2009;2007;2005;2004;2003;2002;2001;1999;1998;1997","E43AF18D7BA9D64E3D2D2BA47061BCF0","1: Yes||2: No||B or -6: Not applicable||Blank or -9: Not reported||D or -7: Don't know||R or -8: Refused"
"ESLOPW",5,"Structural Problems",5,NA,"Outside walls slope/lean/slant/buckle","","Coming Soon","NEWHOUSE(2013,2011,2009,2007,2005,2004,2003,2002,2001); HOUSHLD(1999,1998,1997)","PUF","2013;2011;2009;2007;2005;2004;2003;2002;2001;1999;1998;1997","Housing Problems","","","The observation module was removed from the questionnaire in 2011 and this question was moved to the breakdown module. Prior to 2011, only noninterviews were coded as not applicable (B) for this question. In 2011 and after, Bs are defined in relation to the universe of the question in the questionnaire.","Do the outside walls slope, lean, buckle or slant?",18,"Character","2013;2011;2009;2007;2005;2004;2003;2002;2001;1999;1998;1997","E43AF18D7BA9D64E3D2D2BA47061BCF0","1: Yes||2: No||B or -6: Not applicable||Blank or -9: Not reported||D or -7: Don't know||R or -8: Refused"
"EBOARD",5,"Structural Problems",5,NA,"Windows boarded up","","Coming Soon","NEWHOUSE(2013,2011,2009,2007,2005,2004,2003,2002,2001); HOUSHLD(1999,1998,1997)","PUF","2013;2011;2009;2007;2005;2004;2003;2002;2001;1999;1998;1997","Housing Problems","","","The observation module was removed from the questionnaire in 2011 and this question was moved to the breakdown module. Prior to 2011, only noninterviews were coded as not applicable (B) for this question. In 2011 and after, Bs are defined in relation to the universe of the question in the questionnaire.","Are any of the windows in this housing unit boarded up?",19,"Character","2013;2011;2009;2007;2005;2004;2003;2002;2001;1999;1998;1997","E43AF18D7BA9D64E3D2D2BA47061BCF0","1: Yes||2: No||B or -6: Not applicable||Blank or -9: Not reported||D or -7: Don't know||R or -8: Refused"
"EBROKE",5,"Structural Problems",5,NA,"Windows broken","","Coming Soon","NEWHOUSE(2013,2011,2009,2007,2005,2004,2003,2002,2001); HOUSHLD(1999,1998,1997)","PUF","2013;2011;2009;2007;2005;2004;2003;2002;2001;1999;1998;1997","Housing Problems","","","The observation module was removed from the questionnaire in 2011 and this question was moved to the breakdown module. Prior to 2011, only noninterviews were coded as not applicable (B) for this question. In 2011 and after, Bs are defined in relation to the universe of the question in the questionnaire.","Are any of the windows in this housing unit broken?",20,"Character","2013;2011;2009;2007;2005;2004;2003;2002;2001;1999;1998;1997","E43AF18D7BA9D64E3D2D2BA47061BCF0","1: Yes||2: No||B or -6: Not applicable||Blank or -9: Not reported||D or -7: Don't know||R or -8: Refused"
"HOLES",5,"Structural Problems",5,"JHOLES","Holes in floor","","Coming Soon","NEWHOUSE(2013,2011,2009,2007,2005,2004,2003,2002,2001); HOUSHLD(1999,1998,1997)","PUF","2013;2011;2009;2007;2005;2004;2003;2002;2001;1999;1998;1997","Housing Problems","","","","How about the floors in this housing unit Are any holes in the floors big enough for someone to catch their foot on? (ABOUT 4 INCHES ACROSS ABOUT THE HEIGHT OF A SOUP CAN)",21,"Character","2013;2011;2009;2007;2005;2004;2003;2002;2001;1999;1998;1997","E43AF18D7BA9D64E3D2D2BA47061BCF0","1: Yes||2: No||B or -6: Not applicable"
"CRACKS",5,"Structural Problems",5,"JRACKS","Open cracks wider than dime","","Coming Soon","NEWHOUSE(2013,2011,2009,2007,2005,2004,2003,2002,2001); HOUSHLD(1999,1998,1997)","PUF","2013;2011;2009;2007;2005;2004;2003;2002;2001;1999;1998;1997","Housing Problems","","","","People sometimes have problems with cracks or holes in their home's floors, walls, or ceilings - not little hairline cracks or nail holes, but OPEN cracks or holes. In the INSIDE walls or ceilings of this housing unit, are there any OPEN HOL",22,"Character","2013;2011;2009;2007;2005;2004;2003;2002;2001;1999;1998;1997","E43AF18D7BA9D64E3D2D2BA47061BCF0","1: Yes||2: No||B or -6: Not applicable"
"LEAK",5,"Leaking and Mold",6,"JLEAK","Any outside water leaks in last 12 months","","Coming Soon","NEWHOUSE(2013,2011,2009,2007,2005,2004,2003,2002,2001); HOUSHLD(1999,1998,1997)","PUF","2013;2011;2009;2007;2005;2004;2003;2002;2001;1999;1998;1997","Housing Problems","","","","These next questions are about water leaks - either from OUTSIDE your housing unit or from INSIDE. While you have been living here, did water ever leak INTO your housing unit DIRECTLY FROM THE OUTSIDE -- for example, through the roof, outside",17,"Character","2013;2011;2009;2007;2005;2004;2003;2002;2001;1999;1998;1997","FCD42017751910406B9346E70033EDF1","1: Yes||2: No||B or -6: Not applicable||Blank or -9: Not reported||D or -7: Don't know||R or -8: Refused"
"RLEAK",5,"Leaking and Mold",6,NA,"Water leak in roof","","Coming Soon","NEWHOUSE(2013,2011,2009,2007,2005,2004,2003,2002,2001); HOUSHLD(1999,1998,1997)","PUF","2013;2011;2009;2007;2005;2004;2003;2002;2001;1999;1998;1997","Housing Problems","","","","Did the water come in from the --",19,"Character","2013;2011;2009;2007;2005;2004;2003;2002;2001;1999;1998;1997","FCD42017751910406B9346E70033EDF1","1: Checked response||2: Did not check response||B or -6: Not applicable||Blank or -9: Not reported||D or -7: Don't know||R or -8: Refused"
"BLEAK",5,"Leaking and Mold",6,NA,"Water leak in basement","","Coming Soon","NEWHOUSE(2013,2011,2009,2007,2005,2004,2003,2002,2001); HOUSHLD(1999,1998,1997)","PUF","2013;2011;2009;2007;2005;2004;2003;2002;2001;1999;1998;1997","Housing Problems","","","In 2011, the response codes changed from 'X' (positive response) to '1' (checked) and '2' (not checked).","Did the water come in from the --",20,"Character","2013;2011;2009;2007;2005;2004;2003;2002;2001;1999;1998;1997","FCD42017751910406B9346E70033EDF1","1: Checked response||2: Did not check response||B or -6: Not applicable||Blank or -9: Not reported||D or -7: Don't know||R or -8: Refused"
"WLEAK",5,"Leaking and Mold",6,NA,"Water leak in wall or closed door/window","","Coming Soon","NEWHOUSE(2013,2011,2009,2007,2005,2004,2003,2002,2001); HOUSHLD(1999,1998,1997)","PUF","2013;2011;2009;2007;2005;2004;2003;2002;2001;1999;1998;1997","Housing Problems","","","In 2011, the response codes changed from 'X' (positive response) to '1' (checked) and '2' (not checked).","Did the water come in from the --",21,"Character","2013;2011;2009;2007;2005;2004;2003;2002;2001;1999;1998;1997","FCD42017751910406B9346E70033EDF1","1: Checked response||2: Did not check response||B or -6: Not applicable||Blank or -9: Not reported||D or -7: Don't know||R or -8: Refused"
"OTLEAK",5,"Leaking and Mold",6,NA,"Water leak from other outside source","","Coming Soon","NEWHOUSE(2013,2011,2009,2007,2005,2004,2003,2002,2001); HOUSHLD(1999,1998,1997)","PUF","2013;2011;2009;2007;2005;2004;2003;2002;2001;1999;1998;1997","Housing Problems","","","In 2011, the response codes changed from 'X' (positive response) to '1' (checked) and '2' (not checked).","Did the water come in from the --",22,"Character","2013;2011;2009;2007;2005;2004;2003;2002;2001;1999;1998;1997","FCD42017751910406B9346E70033EDF1","1: Checked response||2: Did not check response||B or -6: Not applicable||Blank or -9: Not reported||D or -7: Don't know||R or -8: Refused"
"ILEAK",5,"Leaking and Mold",6,"JILEAK","Any inside water leaks in last 12 months","","Coming Soon","NEWHOUSE(2013,2011,2009,2007,2005,2004,2003,2002,2001); HOUSHLD(1999,1998,1997)","PUF","2013;2011;2009;2007;2005;2004;2003;2002;2001;1999;1998;1997","Housing Problems","","","","Now about water leaks from INSIDE. Since you lived here, did water leak in -- from broken pipes or water heaters, backed up plumbing, or other equipment failure inside the unit? Did any inside water leaks happen within the past 12 months --",23,"Character","2013;2011;2009;2007;2005;2004;2003;2002;2001;1999;1998;1997","FCD42017751910406B9346E70033EDF1","1: Yes||2: No||B or -6: Not applicable||Blank or -9: Not reported||D or -7: Don't know||R or -8: Refused"
"PLEAK",5,"Leaking and Mold",6,NA,"Inside water leak from plumbing fixtures","","Coming Soon","NEWHOUSE(2013,2011,2009,2007,2005,2004,2003,2002,2001); HOUSHLD(1999,1998,1997)","PUF","2013;2011;2009;2007;2005;2004;2003;2002;2001;1999;1998;1997","Housing Problems","","","In 2011, the response codes changed from 'X' (positive response) to '1' (checked) and '2' (not checked).","Where did the water come from?",24,"Character","2013;2011;2009;2007;2005;2004;2003;2002;2001;1999;1998;1997","FCD42017751910406B9346E70033EDF1","1: Checked response||2: Did not check response||B or -6: Not applicable||Blank or -9: Not reported||D or -7: Don't know||R or -8: Refused"
"PILEAK",5,"Leaking and Mold",6,NA,"Inside water leak from leaking pipes","","Coming Soon","NEWHOUSE(2013,2011,2009,2007,2005,2004,2003,2002,2001); HOUSHLD(1999,1998,1997)","PUF","2013;2011;2009;2007;2005;2004;2003;2002;2001;1999;1998;1997","Housing Problems","","","In 2011, the response codes changed from 'X' (positive response) to '1' (checked) and '2' (not checked).","Where did the water come from?",25,"Character","2013;2011;2009;2007;2005;2004;2003;2002;2001;1999;1998;1997","FCD42017751910406B9346E70033EDF1","1: Checked response||2: Did not check response||B or -6: Not applicable||Blank or -9: Not reported||D or -7: Don't know||R or -8: Refused"
"WTRHRL",5,"Leaking and Mold",6,NA,"Source of inside water leak is broken water heater","","Coming Soon","NEWHOUSE(2013,2011,2009,2007,2005,2004,2003,2002,2001); HOUSHLD(1999,1998)","PUF","2013;2011;2009;2007;2005;2004;2003;2002;2001;1999;1998","Housing Problems","","","In 2011, the response codes changed from 'X' (positive response) to '1' (checked) and '2' (not checked).","Where did the water come from?",26,"Character","2013;2011;2009;2007;2005;2004;2003;2002;2001;1999;1998","FCD42017751910406B9346E70033EDF1","1: Checked response||2: Did not check response||B or -6: Not applicable||Blank or -9: Not reported||D or -7: Don't know||R or -8: Refused"
"NLEAK1",5,"Leaking and Mold",6,NA,"Inside water leak from some other source","","Coming Soon","NEWHOUSE(2013,2011,2009,2007,2005,2004,2003,2002,2001); HOUSHLD(1999,1998,1997)","PUF","2013;2011;2009;2007;2005;2004;2003;2002;2001;1999;1998;1997","Housing Problems","","","In 2011, the response codes changed from 'X' (positive response) to '1' (checked) and '2' (not checked).","Where did the water come from?",27,"Character","2013;2011;2009;2007;2005;2004;2003;2002;2001;1999;1998;1997","FCD42017751910406B9346E70033EDF1","1: Checked response||2: Did not check response||B or -6: Not applicable||Blank or -9: Not reported||D or -7: Don't know||R or -8: Refused"
"NLEAK2",5,"Leaking and Mold",6,NA,"Source of inside water leak unknown","","Coming Soon","NEWHOUSE(2013,2011,2009,2007,2005,2004,2003,2002,2001); HOUSHLD(1999,1998,1997)","PUF","2013;2011;2009;2007;2005;2004;2003;2002;2001;1999;1998;1997","Housing Problems","","","In 2011, the response codes changed from 'X' (positive response) to '1' (checked) and '2' (not checked).","Where did the water come from?",28,"Character","2013;2011;2009;2007;2005;2004;2003;2002;2001;1999;1998;1997","FCD42017751910406B9346E70033EDF1","1: Checked response||2: Did not check response||B or -6: Not applicable||Blank or -9: Not reported||D or -7: Don't know||R or -8: Refused"
"ZADEQ",5,"General (Housing Problems)",8,NA,"Recoded adequacy of housing","","Coming Soon","NEWHOUSE(2013,2011,2009,2007,2005,2004,2003,2002,2001); TOPPUF(1999,1998,1997)","PUF","2013;2011;2009;2007;2005;2004;2003;2002;2001;1999;1998;1997","Housing Problems","","","Previous Description: A unit is severely inadequate if any of the following conditions exist: 1. The unit lacks complete plumbing facilities. 2. There were 3 or more heating equipment breakdowns lasting 6 hours or more in the last 90 days. 3. The unit has no electricity. 4. The electrical wiring is not concealed, working wall outlets are not present in every room, and fuses/breakers blew 3 or more times in the last 90 days. 5. 5 or more of the following exist: outside water leaks, inside water leaks, holes in the floor, cracks wider than a dime in the walls, areas of peeling paint or plaster larger than 8 1/2 x 11, rodents seen in the unit recently 6. all 4 of the following exist: no working light fixtures or no light fixtures at all in public hallways, loose, broken, or missing steps in common stairways, stair railings not firmly attached or no stair railings on stairs at all, there are 3 or more floors between the unit and the main entrance to the building and there is no elevator Notes: This last condition was no longer used beginning with the 2007 surveys. A unit is moderately inadequate if it is not severely inadequate and any of the following conditions exist: 1. The unit lacks complete kitchen facilities. 2. There were 3 or more toilet breakdowns lasting 6 hours or more in the last 90 days 3. An unvented room heater is the main heating equipment. 4.","If the unit meets just one of the following conditions: Unit has less than 2 full bathrooms (BATHS < 2) and the unit has at least one of the following: Unit does not have hot and cold running water (HOTPIP='2')",1,"Character","2013;2011;2009;2007;2005;2004;2003;2002;2001;1999;1998;1997","F23A58928C95CE75A59B17D41ED23513","1: adequate||2: moderately inadequate||3: severely inadequate||B or -6: Not applicable"
"EGOOD",5,"General (Housing Problems)",8,NA,"No listed conditions seen in/on unit","","Coming Soon","NEWHOUSE(2013,2011,2009,2007,2005,2004,2003,2002,2001); HOUSHLD(1999,1998,1997)","PUF","2013;2011;2009;2007;2005;2004;2003;2002;2001;1999;1998;1997","Housing Problems","","","EGOOD is recoded from answers to observation questions ECRUMB, EMISSR, EHOLER, ESAGR, EMISSW, ESLOPW, EBOARD, EBROKE, and EBAR. The observation module was removed from the questionnaire in 2011 and these questions were moved to the breakdown module. Prior to 2011, only noninterviews were coded as not applicable (B) for this question. In 2011 and after, Bs in relation to the universe for ECRUMB, the first observation question in the questionnaire.","",2,"Character","2013;2011;2009;2007;2005;2004;2003;2002;2001;1999;1998;1997","F23A58928C95CE75A59B17D41ED23513","1: No listed conditions seen in or on the unit||B or -6: Not applicable||Blank or -9: Not reported"
"FRSTOC",6,"Total Household Demographics",1,"JRSTOC","Current occupants are first occupants","","Coming Soon","NEWHOUSE(2013,2011,2009,2007,2005,2004,2003,2002,2001); HOUSHLD(1999,1998,1997)","PUF","2013;2011;2009;2007;2005;2004;2003;2002;2001;1999;1998;1997","Demographics","","","","Were you the first occupant to occupy this home or did someone else live here before you did?",21,"Character","2013;2011;2009;2007;2005;2004;2003;2002;2001;1999;1998;1997","52949D258C3D2898F5CE5080F663AA6E","1: First occupants||2: Previously occupied||B or -6: Not applicable||Blank or -9: Not reported||D or -7: Don't know||R or -8: Refused"
"WHNGET",8,"Owner's Purchase, Value, and Debt",5,"JHNGET","Year unit bought/obtained/received","","Coming Soon","NEWHOUSE(2013,2011,2009,2007,2005,2004,2003,2002,2001); HOUSHLD(1999,1998,1997)","PUF","2013;2011;2009;2007;2005;2004;2003;2002;2001;1999;1998;1997","Housing Costs","","","","When did this household buy/obtain/receive the unit? (IF LAND AND BUILDING BOUGHT AT DIFFERENT TIMES, BUILDING ONLY)",13,"Numeric","2013;2011;2009;2007;2005;2004;2003;2002;2001;1999;1998;1997","0DC3F294F2D5F4ECC911C074574F3E88","1900:2013: 1900-2013||B or -6: Not applicable"
"PREOCC",8,"Owner's Purchase, Value, and Debt",5,NA,"Received unit as gift or purchased it","","Coming Soon","NEWHOUSE(2013,2011,2009,2007,2005,2004,2003,2002,2001); HOUSHLD(1999,1998,1997)","PUF","2013;2011;2009;2007;2005;2004;2003;2002;2001;1999;1998;1997","Housing Costs","","","","Did you receive the home as a gift or inheritance or did you purchase it?",30,"Character","2013;2011;2009;2007;2005;2004;2003;2002;2001;1999;1998;1997","0DC3F294F2D5F4ECC911C074574F3E88","1: Gift or inheritance||2: Purchased||B or -6: Not applicable||Blank or -9: Not reported||D or -7: Don't know||R or -8: Refused"
"HOWH",11,"Ratings",3,NA,"Rating of unit as a place to live","","Coming Soon","NEWHOUSE(2013,2011,2009,2007,2005,2004,2003,2002,2001); HOUSHLD(1999,1998,1997)","PUF","2013;2011;2009;2007;2005;2004;2003;2002;2001;1999;1998;1997","Neighborhood Features","","","","On a scale of 1 to 10, how would you rate your unit as a place to live?",8,"Numeric","2013;2011;2009;2007;2005;2004;2003;2002;2001;1999;1998;1997","BC619A9950E4E2B173D41110F82F8F89",". or -9: Not reported||1:10: Rating (10 is best, 1 is worst)||B or -6: Not applicable||D or -7: Don't know||R or -8: Refused"
"WELL",13,"Water Quality",3,NA,"Well drilled or dug","","Coming Soon","NEWHOUSE(2013,2011,2009,2007,2005,2004,2003,2002,2001); HOUSHLD(1999,1998,1997)","PUF","2013;2011;2009;2007;2005;2004;2003;2002;2001;1999;1998;1997","Healthy Homes","","","A q-code error in the 2003 National Survey caused some ineligible households to be asked the verify version of the question rather than the- Is the well drilled or dug? - question. This causes the number of not reported drilled versus dug wells to double from 2001 to 2003 in the data.","Is the well drilled or dug?",6,"Character","2013;2011;2009;2007;2005;2004;2003;2002;2001;1999;1998;1997","8F41090AEB552BF3B3CE7A1DD8294C30","1: Drilled||2: Dug||B or -6: Not applicable||Blank or -9: Not reported||D or -7: Don't know||R or -8: Refused"
"WELDUS",13,"Water Quality",3,"JELDUS","Number of units this water source serves","","Coming Soon","NEWHOUSE(2013,2011,2009,2007,2005,2004,2003,2002,2001); HOUSHLD(1999,1998,1997)","PUF","2013;2011;2009;2007;2005;2004;2003;2002;2001;1999;1998;1997","Healthy Homes","","","","How many homes does the water source serve?",7,"Character","2013;2011;2009;2007;2005;2004;2003;2002;2001;1999;1998;1997","8F41090AEB552BF3B3CE7A1DD8294C30","1: Only this home||2: 2 to 5||3: 6 to 9||4: 10 to 14||5: 15 or more||B or -6: Not applicable"
"WELLDIS",13,"Water Quality",3,NA,"Has disinfected well","","Coming Soon","NEWHOUSE","PUF","2011","Healthy Homes","","","","Since you've occupied your home, has the well ever been disinfected?",8,"Character","2011","8F41090AEB552BF3B3CE7A1DD8294C30","1: Yes||2: No||B or -6: Not applicable||D or -7: Don't know||R or -8: Refused"
"WELLDIS2",13,"Water Quality",3,NA,"Has been advised by health authorities to disinfect well","","Coming Soon","NEWHOUSE","PUF","2011","Healthy Homes","","","","Have you been advised by health authorities to disinfect the well?",9,"Character","2011","8F41090AEB552BF3B3CE7A1DD8294C30","1: Yes||2: No||B or -6: Not applicable||D or -7: Don't know||R or -8: Refused"
"WATERS",13,"Water Quality",3,"JATERS","Water safe for drinking & cooking","","Coming Soon","NEWHOUSE(2013,2011,2009,2007,2005,2004,2003,2002,2001); HOUSHLD(1999,1998,1997)","PUF","2013;2011;2009;2007;2005;2004;2003;2002;2001;1999;1998;1997","Healthy Homes","","","","In your opinion, is the water from this source safe for cooking and drinking?",10,"Character","2013;2011;2009;2007;2005;2004;2003;2002;2001;1999;1998;1997","8F41090AEB552BF3B3CE7A1DD8294C30","1: Yes||2: No||B or -6: Not applicable||Blank or -9: Not reported||D or -7: Don't know||R or -8: Refused"
"WATERD",13,"Water Quality",3,NA,"Source of drinking water","","Coming Soon","NEWHOUSE(2013,2011,2009,2007,2005,2004,2003,2002,2001); HOUSHLD(1999,1998,1997)","PUF","2013;2011;2009;2007;2005;2004;2003;2002;2001;1999;1998;1997","Healthy Homes","","","","Where do you get your water for drinking?",11,"Character","2013;2011;2009;2007;2005;2004;2003;2002;2001;1999;1998;1997","8F41090AEB552BF3B3CE7A1DD8294C30","1: Public or private water system||2: Individual well||3: Spring||4: Cistern||5: Stream or lake||6: Commercial bottled water||7: Other; SPECIFY||B or -6: Not applicable||Blank or -9: Not reported||D or -7: Don't know||R or -8: Refused"
